"group","count","prop","hh.type","typology","code","country","year","subregions","regions"
"old_female",40290,0.154397394136808,"single","inter",51,"Armenia",2011,"WAS","AS"
"old_female",34090,0.130638053266909,"one gen","inter",51,"Armenia",2011,"WAS","AS"
"old_female",47730,0.182908603180686,"two gen","inter",51,"Armenia",2011,"WAS","AS"
"old_female",132980,0.509599540141789,"three+ gen","inter",51,"Armenia",2011,"WAS","AS"
"old_female",5860,0.0224564092738072,"skipped","inter",51,"Armenia",2011,"WAS","AS"
"old_male",12260,0.0671376156836975,"single","inter",51,"Armenia",2011,"WAS","AS"
"old_male",37000,0.202617600350474,"one gen","inter",51,"Armenia",2011,"WAS","AS"
"old_male",42320,0.231750725590055,"two gen","inter",51,"Armenia",2011,"WAS","AS"
"old_male",88080,0.482339411861344,"three+ gen","inter",51,"Armenia",2011,"WAS","AS"
"old_male",2950,0.0161546465144297,"skipped","inter",51,"Armenia",2011,"WAS","AS"
"total",92810,0.0307489952986936,"single","inter",51,"Armenia",2011,"WAS","AS"
"total",157290,0.0521119434385467,"one gen","inter",51,"Armenia",2011,"WAS","AS"
"total",1325470,0.439143096633547,"two gen","inter",51,"Armenia",2011,"WAS","AS"
"total",1416550,0.469318923503551,"three+ gen","inter",51,"Armenia",2011,"WAS","AS"
"total",26190,0.00867704112566304,"skipped","inter",51,"Armenia",2011,"WAS","AS"
"young_female",23560,0.0180034234013938,"single","inter",51,"Armenia",2011,"WAS","AS"
"young_female",48290,0.0369009047560827,"one gen","inter",51,"Armenia",2011,"WAS","AS"
"young_female",617150,0.471596466560704,"two gen","inter",51,"Armenia",2011,"WAS","AS"
"young_female",610570,0.46656834576354,"three+ gen","inter",51,"Armenia",2011,"WAS","AS"
"young_female",9070,0.00693085951827852,"skipped","inter",51,"Armenia",2011,"WAS","AS"
"young_male",16700,0.0131900071873692,"single","inter",51,"Armenia",2011,"WAS","AS"
"young_male",37910,0.0299421061361177,"one gen","inter",51,"Armenia",2011,"WAS","AS"
"young_male",618270,0.488322499624835,"two gen","inter",51,"Armenia",2011,"WAS","AS"
"young_male",584920,0.46198197628958,"three+ gen","inter",51,"Armenia",2011,"WAS","AS"
"young_male",8310,0.00656341076209808,"skipped","inter",51,"Armenia",2011,"WAS","AS"
"old_female",40290,0.154397394136808,"single","un",51,"Armenia",2011,"WAS","AS"
"old_female",60450,0.23165357348151,"nuclear","un",51,"Armenia",2011,"WAS","AS"
"old_female",2370,0.00908219965510634,"complex","un",51,"Armenia",2011,"WAS","AS"
"old_female",157840,0.604866832726576,"extended","un",51,"Armenia",2011,"WAS","AS"
"old_male",12260,0.0671376156836975,"single","un",51,"Armenia",2011,"WAS","AS"
"old_male",67550,0.369914024423635,"nuclear","un",51,"Armenia",2011,"WAS","AS"
"old_male",1450,0.00794041947319424,"complex","un",51,"Armenia",2011,"WAS","AS"
"old_male",101350,0.555007940419473,"extended","un",51,"Armenia",2011,"WAS","AS"
"young_female",23560,0.0180034234013938,"single","un",51,"Armenia",2011,"WAS","AS"
"young_female",551630,0.421529221176183,"nuclear","un",51,"Armenia",2011,"WAS","AS"
"young_female",13710,0.0104765252475853,"complex","un",51,"Armenia",2011,"WAS","AS"
"young_female",719740,0.549990830174838,"extended","un",51,"Armenia",2011,"WAS","AS"
"young_male",16700,0.0131900071873692,"single","un",51,"Armenia",2011,"WAS","AS"
"young_male",553680,0.437307974820513,"nuclear","un",51,"Armenia",2011,"WAS","AS"
"young_male",13630,0.0107652573631043,"complex","un",51,"Armenia",2011,"WAS","AS"
"young_male",682100,0.538736760629013,"extended","un",51,"Armenia",2011,"WAS","AS"
"total",92810,0.0307489952986936,"single","un",51,"Armenia",2011,"WAS","AS"
"total",1233310,0.40860945363465,"nuclear","un",51,"Armenia",2011,"WAS","AS"
"total",31160,0.0103236579410332,"complex","un",51,"Armenia",2011,"WAS","AS"
"total",1661030,0.550317893125623,"extended","un",51,"Armenia",2011,"WAS","AS"
"old_female",447820,0.384009192484801,"single","inter",112,"Belarus",2009,"EEU","EU"
"old_female",289230,0.248017012956945,"one gen","inter",112,"Belarus",2009,"EEU","EU"
"old_female",242690,0.208108594801787,"two gen","inter",112,"Belarus",2009,"EEU","EU"
"old_female",158820,0.136189406347273,"three+ gen","inter",112,"Belarus",2009,"EEU","EU"
"old_female",27610,0.0236757934091942,"skipped","inter",112,"Belarus",2009,"EEU","EU"
"old_male",99690,0.160611577438013,"single","inter",112,"Belarus",2009,"EEU","EU"
"old_male",314180,0.506178607678551,"one gen","inter",112,"Belarus",2009,"EEU","EU"
"old_male",124710,0.200921555043581,"two gen","inter",112,"Belarus",2009,"EEU","EU"
"old_male",72850,0.117369379239233,"three+ gen","inter",112,"Belarus",2009,"EEU","EU"
"old_male",9260,0.0149188806006219,"skipped","inter",112,"Belarus",2009,"EEU","EU"
"total",1145150,0.121747534005107,"single","inter",112,"Belarus",2009,"EEU","EU"
"total",1503240,0.159818157462199,"one gen","inter",112,"Belarus",2009,"EEU","EU"
"total",5091720,0.541330265768227,"two gen","inter",112,"Belarus",2009,"EEU","EU"
"total",1561890,0.166053578908647,"three+ gen","inter",112,"Belarus",2009,"EEU","EU"
"total",103940,0.0110504638558188,"skipped","inter",112,"Belarus",2009,"EEU","EU"
"young_female",306320,0.078499509249934,"single","inter",112,"Belarus",2009,"EEU","EU"
"young_female",466370,0.119514939047048,"one gen","inter",112,"Belarus",2009,"EEU","EU"
"young_female",2352400,0.602840968789321,"two gen","inter",112,"Belarus",2009,"EEU","EU"
"young_female",743200,0.190457153547111,"three+ gen","inter",112,"Belarus",2009,"EEU","EU"
"young_female",33900,0.00868742936658646,"skipped","inter",112,"Belarus",2009,"EEU","EU"
"young_male",291320,0.0783773531097234,"single","inter",112,"Belarus",2009,"EEU","EU"
"young_male",433460,0.116619001369424,"one gen","inter",112,"Belarus",2009,"EEU","EU"
"young_male",2371920,0.638146407345926,"two gen","inter",112,"Belarus",2009,"EEU","EU"
"young_male",587020,0.157933110745812,"three+ gen","inter",112,"Belarus",2009,"EEU","EU"
"young_male",33170,0.00892412742911412,"skipped","inter",112,"Belarus",2009,"EEU","EU"
"old_female",447820,0.384009192484801,"single","un",112,"Belarus",2009,"EEU","EU"
"old_female",433970,0.372132707924231,"nuclear","un",112,"Belarus",2009,"EEU","EU"
"old_female",7940,0.00680861280945317,"complex","un",112,"Belarus",2009,"EEU","EU"
"old_female",276440,0.237049486781516,"extended","un",112,"Belarus",2009,"EEU","EU"
"old_male",99690,0.160611577438013,"single","un",112,"Belarus",2009,"EEU","EU"
"old_male",400010,0.644460197522112,"nuclear","un",112,"Belarus",2009,"EEU","EU"
"old_male",5550,0.00894166169907683,"complex","un",112,"Belarus",2009,"EEU","EU"
"old_male",115440,0.185986563340798,"extended","un",112,"Belarus",2009,"EEU","EU"
"young_female",306320,0.078499509249934,"single","un",112,"Belarus",2009,"EEU","EU"
"young_female",2499380,0.640506997352769,"nuclear","un",112,"Belarus",2009,"EEU","EU"
"young_female",84900,0.0217570133694156,"complex","un",112,"Belarus",2009,"EEU","EU"
"young_female",1011590,0.259236480027882,"extended","un",112,"Belarus",2009,"EEU","EU"
"young_male",291320,0.0783773531097234,"single","un",112,"Belarus",2009,"EEU","EU"
"young_male",2493150,0.670762384681817,"nuclear","un",112,"Belarus",2009,"EEU","EU"
"young_male",82920,0.0223089733621388,"complex","un",112,"Belarus",2009,"EEU","EU"
"young_male",849500,0.22855128884632,"extended","un",112,"Belarus",2009,"EEU","EU"
"total",1145150,0.121747534005107,"single","un",112,"Belarus",2009,"EEU","EU"
"total",5826510,0.619450049649477,"nuclear","un",112,"Belarus",2009,"EEU","EU"
"total",181310,0.0192761170069127,"complex","un",112,"Belarus",2009,"EEU","EU"
"total",2252970,0.239526299338503,"extended","un",112,"Belarus",2009,"EEU","EU"
"old_female",6800,0.0860541635029107,"single","inter",72,"Botswana",2011,"SAF","AF"
"old_female",5920,0.0749177423437105,"one gen","inter",72,"Botswana",2011,"SAF","AF"
"old_female",12170,0.154011642622121,"two gen","inter",72,"Botswana",2011,"SAF","AF"
"old_female",38450,0.486585674512781,"three+ gen","inter",72,"Botswana",2011,"SAF","AF"
"old_female",15680,0.198430777018476,"skipped","inter",72,"Botswana",2011,"SAF","AF"
"old_male",9970,0.171659779614325,"single","inter",72,"Botswana",2011,"SAF","AF"
"old_male",8990,0.15478650137741,"one gen","inter",72,"Botswana",2011,"SAF","AF"
"old_male",12330,0.212293388429752,"two gen","inter",72,"Botswana",2011,"SAF","AF"
"old_male",20870,0.359331955922865,"three+ gen","inter",72,"Botswana",2011,"SAF","AF"
"old_male",5920,0.101928374655647,"skipped","inter",72,"Botswana",2011,"SAF","AF"
"total",219600,0.108846504619533,"single","inter",72,"Botswana",2011,"SAF","AF"
"total",227640,0.112831595225822,"one gen","inter",72,"Botswana",2011,"SAF","AF"
"total",819580,0.406231412823665,"two gen","inter",72,"Botswana",2011,"SAF","AF"
"total",643350,0.318881597208454,"three+ gen","inter",72,"Botswana",2011,"SAF","AF"
"total",107350,0.0532088901225267,"skipped","inter",72,"Botswana",2011,"SAF","AF"
"young_female",75810,0.079397163863346,"single","inter",72,"Botswana",2011,"SAF","AF"
"young_female",86850,0.0909595525858277,"one gen","inter",72,"Botswana",2011,"SAF","AF"
"young_female",421340,0.441276889885005,"two gen","inter",72,"Botswana",2011,"SAF","AF"
"young_female",325300,0.340692486541966,"three+ gen","inter",72,"Botswana",2011,"SAF","AF"
"young_female",45520,0.0476739071238558,"skipped","inter",72,"Botswana",2011,"SAF","AF"
"young_male",127020,0.137229904926534,"single","inter",72,"Botswana",2011,"SAF","AF"
"young_male",125880,0.13599827139153,"one gen","inter",72,"Botswana",2011,"SAF","AF"
"young_male",373740,0.403781331028522,"two gen","inter",72,"Botswana",2011,"SAF","AF"
"young_male",258730,0.279526793431288,"three+ gen","inter",72,"Botswana",2011,"SAF","AF"
"young_male",40230,0.0434636992221262,"skipped","inter",72,"Botswana",2011,"SAF","AF"
"old_female",6800,0.0860541635029107,"single","un",72,"Botswana",2011,"SAF","AF"
"old_female",9170,0.116046570488484,"nuclear","un",72,"Botswana",2011,"SAF","AF"
"old_female",6110,0.0773221969121741,"complex","un",72,"Botswana",2011,"SAF","AF"
"old_female",56940,0.720577069096431,"extended","un",72,"Botswana",2011,"SAF","AF"
"old_male",9970,0.171659779614325,"single","un",72,"Botswana",2011,"SAF","AF"
"old_male",10970,0.18887741046832,"nuclear","un",72,"Botswana",2011,"SAF","AF"
"old_male",6290,0.108298898071625,"complex","un",72,"Botswana",2011,"SAF","AF"
"old_male",30850,0.53116391184573,"extended","un",72,"Botswana",2011,"SAF","AF"
"young_female",75810,0.079397163863346,"single","un",72,"Botswana",2011,"SAF","AF"
"young_female",229140,0.23998240506064,"nuclear","un",72,"Botswana",2011,"SAF","AF"
"young_female",93080,0.097484342598605,"complex","un",72,"Botswana",2011,"SAF","AF"
"young_female",556790,0.583136088477409,"extended","un",72,"Botswana",2011,"SAF","AF"
"young_male",127020,0.137229904926534,"single","un",72,"Botswana",2011,"SAF","AF"
"young_male",205490,0.222007346585998,"nuclear","un",72,"Botswana",2011,"SAF","AF"
"young_male",110400,0.119273984442524,"complex","un",72,"Botswana",2011,"SAF","AF"
"young_male",482690,0.521488764044944,"extended","un",72,"Botswana",2011,"SAF","AF"
"total",219600,0.108846504619533,"single","un",72,"Botswana",2011,"SAF","AF"
"total",454770,0.225410404853483,"nuclear","un",72,"Botswana",2011,"SAF","AF"
"total",215880,0.107002656727071,"complex","un",72,"Botswana",2011,"SAF","AF"
"total",1127270,0.558740433799913,"extended","un",72,"Botswana",2011,"SAF","AF"
"old_female",1826083.17,0.159597369139893,"single","inter",76,"Brazil",2010,"SAM","AM"
"old_female",2603925.66,0.227579823087609,"one gen","inter",76,"Brazil",2010,"SAM","AM"
"old_female",3565532.99,0.311623092602895,"two gen","inter",76,"Brazil",2010,"SAM","AM"
"old_female",2649385.74,0.231552976823476,"three+ gen","inter",76,"Brazil",2010,"SAM","AM"
"old_female",796884.92,0.0696467383461261,"skipped","inter",76,"Brazil",2010,"SAM","AM"
"old_male",992566.25,0.108350768273567,"single","inter",76,"Brazil",2010,"SAM","AM"
"old_male",2883839.94,0.314806465640957,"one gen","inter",76,"Brazil",2010,"SAM","AM"
"old_male",3196629.84,0.348951315894743,"two gen","inter",76,"Brazil",2010,"SAM","AM"
"old_male",1646164.79,0.179699057570612,"three+ gen","inter",76,"Brazil",2010,"SAM","AM"
"old_male",441474.88,0.0481923926201208,"skipped","inter",76,"Brazil",2010,"SAM","AM"
"total",7498247.49,0.0392943059331553,"single","inter",76,"Brazil",2010,"SAM","AM"
"total",22152815.99,0.116091063938989,"one gen","inter",76,"Brazil",2010,"SAM","AM"
"total",125421235.04,0.657265632635972,"two gen","inter",76,"Brazil",2010,"SAM","AM"
"total",31846257.06,0.166889205699124,"three+ gen","inter",76,"Brazil",2010,"SAM","AM"
"total",3904193.72,0.0204597917927598,"skipped","inter",76,"Brazil",2010,"SAM","AM"
"young_female",1680532.14,0.0195530529650865,"single","inter",76,"Brazil",2010,"SAM","AM"
"young_female",8404055.04,0.0977814880223724,"one gen","inter",76,"Brazil",2010,"SAM","AM"
"young_female",59712549.82,0.694757702944512,"two gen","inter",76,"Brazil",2010,"SAM","AM"
"young_female",14802338.18,0.172225746566597,"three+ gen","inter",76,"Brazil",2010,"SAM","AM"
"young_female",1347826.4,0.015682009501432,"skipped","inter",76,"Brazil",2010,"SAM","AM"
"young_male",2999065.93,0.0355875235232067,"single","inter",76,"Brazil",2010,"SAM","AM"
"young_male",8260995.35,0.098026643363331,"one gen","inter",76,"Brazil",2010,"SAM","AM"
"young_male",58946522.39,0.69947136912904,"two gen","inter",76,"Brazil",2010,"SAM","AM"
"young_male",12748368.35,0.15127471990525,"three+ gen","inter",76,"Brazil",2010,"SAM","AM"
"young_male",1318007.52,0.0156397440791718,"skipped","inter",76,"Brazil",2010,"SAM","AM"
"old_female",1826083.17,0.159597369139893,"single","un",76,"Brazil",2010,"SAM","AM"
"old_female",4378390.55,0.382665819567775,"nuclear","un",76,"Brazil",2010,"SAM","AM"
"old_female",347352.73,0.0303581911176366,"complex","un",76,"Brazil",2010,"SAM","AM"
"old_female",4889986.03,0.427378620174695,"extended","un",76,"Brazil",2010,"SAM","AM"
"old_male",992566.25,0.108350768273567,"single","un",76,"Brazil",2010,"SAM","AM"
"old_male",5045161.5,0.550741196962141,"nuclear","un",76,"Brazil",2010,"SAM","AM"
"old_male",245982.25,0.026851976650587,"complex","un",76,"Brazil",2010,"SAM","AM"
"old_male",2876965.7,0.314056058113704,"extended","un",76,"Brazil",2010,"SAM","AM"
"young_female",1680532.14,0.0195530529650865,"single","un",76,"Brazil",2010,"SAM","AM"
"young_female",57455050.53,0.668491616069187,"nuclear","un",76,"Brazil",2010,"SAM","AM"
"young_female",2537756.81,0.0295268933794024,"complex","un",76,"Brazil",2010,"SAM","AM"
"young_female",24273962.1,0.282428437586324,"extended","un",76,"Brazil",2010,"SAM","AM"
"young_male",2999065.93,0.0355875235232067,"single","un",76,"Brazil",2010,"SAM","AM"
"young_male",56573937.41,0.671317795397316,"nuclear","un",76,"Brazil",2010,"SAM","AM"
"young_male",2476347.03,0.0293848352249289,"complex","un",76,"Brazil",2010,"SAM","AM"
"young_male",22223609.17,0.263709845854548,"extended","un",76,"Brazil",2010,"SAM","AM"
"total",7498247.49,0.0392943059331553,"single","un",76,"Brazil",2010,"SAM","AM"
"total",123452539.99,0.64694875450052,"nuclear","un",76,"Brazil",2010,"SAM","AM"
"total",5607438.82,0.0293855886710044,"complex","un",76,"Brazil",2010,"SAM","AM"
"total",54264523,0.28437135089532,"extended","un",76,"Brazil",2010,"SAM","AM"
"old_female",5968000,0.0909627141274179,"single","inter",156,"China",2000,"EAS","AS"
"old_female",14515300,0.221238452475487,"one gen","inter",156,"China",2000,"EAS","AS"
"old_female",10931200,0.166610526251614,"two gen","inter",156,"China",2000,"EAS","AS"
"old_female",30461500,0.464286313068422,"three+ gen","inter",156,"China",2000,"EAS","AS"
"old_female",3733300,0.0569019940770592,"skipped","inter",156,"China",2000,"EAS","AS"
"old_male",4920900,0.0788973704083154,"single","inter",156,"China",2000,"EAS","AS"
"old_male",18415200,0.295253074751206,"one gen","inter",156,"China",2000,"EAS","AS"
"old_male",11516100,0.18463899029836,"two gen","inter",156,"China",2000,"EAS","AS"
"old_male",24195100,0.387922893528873,"three+ gen","inter",156,"China",2000,"EAS","AS"
"old_male",3323600,0.053287671013245,"skipped","inter",156,"China",2000,"EAS","AS"
"total",43656100,0.0369830801271125,"single","inter",156,"China",2000,"EAS","AS"
"total",124481700,0.105454144677586,"one gen","inter",156,"China",2000,"EAS","AS"
"total",681581100,0.577398540740595,"two gen","inter",156,"China",2000,"EAS","AS"
"total",307348400,0.260368894705203,"three+ gen","inter",156,"China",2000,"EAS","AS"
"total",23367100,0.0197953397495024,"skipped","inter",156,"China",2000,"EAS","AS"
"young_female",11236400,0.022015601993403,"single","inter",156,"China",2000,"EAS","AS"
"young_female",46490100,0.0910885637956556,"one gen","inter",156,"China",2000,"EAS","AS"
"young_female",317629600,0.62233516561566,"two gen","inter",156,"China",2000,"EAS","AS"
"young_female",126735500,0.248314257808099,"three+ gen","inter",156,"China",2000,"EAS","AS"
"young_female",8291900,0.0162464107871826,"skipped","inter",156,"China",2000,"EAS","AS"
"young_male",21530800,0.0397195421187679,"single","inter",156,"China",2000,"EAS","AS"
"young_male",45061100,0.083127717473016,"one gen","inter",156,"China",2000,"EAS","AS"
"young_male",341504200,0.629999370930766,"two gen","inter",156,"China",2000,"EAS","AS"
"young_male",125956300,0.232361387545942,"three+ gen","inter",156,"China",2000,"EAS","AS"
"young_male",8018300,0.0147919819315082,"skipped","inter",156,"China",2000,"EAS","AS"
"old_female",5968000,0.0909627141274179,"single","un",156,"China",2000,"EAS","AS"
"old_female",18623300,0.283851527146304,"nuclear","un",156,"China",2000,"EAS","AS"
"old_female",41018000,0.625185758726278,"extended","un",156,"China",2000,"EAS","AS"
"old_male",4920900,0.0788973704083154,"single","un",156,"China",2000,"EAS","AS"
"old_male",24889400,0.399054687362215,"nuclear","un",156,"China",2000,"EAS","AS"
"old_male",32560600,0.522047942229469,"extended","un",156,"China",2000,"EAS","AS"
"young_female",11236400,0.022015601993403,"single","un",156,"China",2000,"EAS","AS"
"young_female",321280600,0.629488610035395,"nuclear","un",156,"China",2000,"EAS","AS"
"young_female",177866500,0.348495787971202,"extended","un",156,"China",2000,"EAS","AS"
"young_male",21530800,0.0397195421187679,"single","un",156,"China",2000,"EAS","AS"
"young_male",338955300,0.625297216765267,"nuclear","un",156,"China",2000,"EAS","AS"
"young_male",181584600,0.334983241115965,"extended","un",156,"China",2000,"EAS","AS"
"total",43656100,0.0369830801271125,"single","un",156,"China",2000,"EAS","AS"
"total",703748600,0.59617764443327,"nuclear","un",156,"China",2000,"EAS","AS"
"total",433029700,0.366839275439618,"extended","un",156,"China",2000,"EAS","AS"
"old_female",48230,0.109481760606542,"single","inter",214,"DominicanRepublic",2010,"CRB","AM"
"old_female",71130,0.161464599459742,"one gen","inter",214,"DominicanRepublic",2010,"CRB","AM"
"old_female",121190,0.275100447188614,"two gen","inter",214,"DominicanRepublic",2010,"CRB","AM"
"old_female",141360,0.320886205252764,"three+ gen","inter",214,"DominicanRepublic",2010,"CRB","AM"
"old_female",58620,0.133066987492339,"skipped","inter",214,"DominicanRepublic",2010,"CRB","AM"
"old_male",60960,0.147153961280355,"single","inter",214,"DominicanRepublic",2010,"CRB","AM"
"old_male",87770,0.211871771351325,"one gen","inter",214,"DominicanRepublic",2010,"CRB","AM"
"old_male",129050,0.311519335682904,"two gen","inter",214,"DominicanRepublic",2010,"CRB","AM"
"old_male",101680,0.245449717568676,"three+ gen","inter",214,"DominicanRepublic",2010,"CRB","AM"
"old_male",34800,0.0840052141167383,"skipped","inter",214,"DominicanRepublic",2010,"CRB","AM"
"total",401990,0.0425934323955481,"single","inter",214,"DominicanRepublic",2010,"CRB","AM"
"total",936280,0.0992049028167462,"one gen","inter",214,"DominicanRepublic",2010,"CRB","AM"
"total",5847680,0.61959939986268,"two gen","inter",214,"DominicanRepublic",2010,"CRB","AM"
"total",1889720,0.200228018275368,"three+ gen","inter",214,"DominicanRepublic",2010,"CRB","AM"
"total",362170,0.0383742466496571,"skipped","inter",214,"DominicanRepublic",2010,"CRB","AM"
"young_female",79030,0.0185453743335586,"single","inter",214,"DominicanRepublic",2010,"CRB","AM"
"young_female",347520,0.0815498986258166,"one gen","inter",214,"DominicanRepublic",2010,"CRB","AM"
"young_female",2831870,0.664533584891492,"two gen","inter",214,"DominicanRepublic",2010,"CRB","AM"
"young_female",868310,0.203759761958399,"three+ gen","inter",214,"DominicanRepublic",2010,"CRB","AM"
"young_female",134710,0.0316113801907336,"skipped","inter",214,"DominicanRepublic",2010,"CRB","AM"
"young_male",213770,0.0494653612889641,"single","inter",214,"DominicanRepublic",2010,"CRB","AM"
"young_male",429860,0.0994675595437811,"one gen","inter",214,"DominicanRepublic",2010,"CRB","AM"
"young_male",2765570,0.639939744678488,"two gen","inter",214,"DominicanRepublic",2010,"CRB","AM"
"young_male",778370,0.180111115996122,"three+ gen","inter",214,"DominicanRepublic",2010,"CRB","AM"
"young_male",134040,0.0310162184926451,"skipped","inter",214,"DominicanRepublic",2010,"CRB","AM"
"old_female",48230,0.109481760606542,"single","un",214,"DominicanRepublic",2010,"CRB","AM"
"old_female",125270,0.284362018477743,"nuclear","un",214,"DominicanRepublic",2010,"CRB","AM"
"old_female",18740,0.0425396681270288,"complex","un",214,"DominicanRepublic",2010,"CRB","AM"
"old_female",248290,0.563616552788686,"extended","un",214,"DominicanRepublic",2010,"CRB","AM"
"old_male",60960,0.147153961280355,"single","un",214,"DominicanRepublic",2010,"CRB","AM"
"old_male",156290,0.377275141215662,"nuclear","un",214,"DominicanRepublic",2010,"CRB","AM"
"old_male",17150,0.0413991213247719,"complex","un",214,"DominicanRepublic",2010,"CRB","AM"
"old_male",179860,0.434171776179211,"extended","un",214,"DominicanRepublic",2010,"CRB","AM"
"young_female",79030,0.0185453743335586,"single","un",214,"DominicanRepublic",2010,"CRB","AM"
"young_female",2393470,0.56165756176316,"nuclear","un",214,"DominicanRepublic",2010,"CRB","AM"
"young_female",174500,0.0409485995344297,"complex","un",214,"DominicanRepublic",2010,"CRB","AM"
"young_female",1614440,0.378848464368852,"extended","un",214,"DominicanRepublic",2010,"CRB","AM"
"young_male",213770,0.0494653612889641,"single","un",214,"DominicanRepublic",2010,"CRB","AM"
"young_male",2341220,0.541747172928608,"nuclear","un",214,"DominicanRepublic",2010,"CRB","AM"
"young_male",207430,0.0479983154426244,"complex","un",214,"DominicanRepublic",2010,"CRB","AM"
"young_male",1559190,0.360789150339804,"extended","un",214,"DominicanRepublic",2010,"CRB","AM"
"total",401990,0.0425934323955481,"single","un",214,"DominicanRepublic",2010,"CRB","AM"
"total",5016250,0.531504030583269,"nuclear","un",214,"DominicanRepublic",2010,"CRB","AM"
"total",417820,0.0442707229620337,"complex","un",214,"DominicanRepublic",2010,"CRB","AM"
"total",3601780,0.381631814059149,"extended","un",214,"DominicanRepublic",2010,"CRB","AM"
"old_female",293200,0.226335860184342,"single","inter",300,"Greece",2001,"SEU","EU"
"old_female",466260,0.359929598122617,"one gen","inter",300,"Greece",2001,"SEU","EU"
"old_female",350850,0.270838801315403,"two gen","inter",300,"Greece",2001,"SEU","EU"
"old_female",170180,0.131370520757747,"three+ gen","inter",300,"Greece",2001,"SEU","EU"
"old_female",14930,0.0115252196198916,"skipped","inter",300,"Greece",2001,"SEU","EU"
"old_male",92500,0.0850113501640489,"single","inter",300,"Greece",2001,"SEU","EU"
"old_male",529630,0.486752014998759,"one gen","inter",300,"Greece",2001,"SEU","EU"
"old_male",361140,0.331902691872915,"two gen","inter",300,"Greece",2001,"SEU","EU"
"old_male",95710,0.0879614737751472,"three+ gen","inter",300,"Greece",2001,"SEU","EU"
"old_male",9110,0.00837246918912958,"skipped","inter",300,"Greece",2001,"SEU","EU"
"total",728530,0.0708077878555794,"single","inter",300,"Greece",2001,"SEU","EU"
"total",1924450,0.187042465428561,"one gen","inter",300,"Greece",2001,"SEU","EU"
"total",6445850,0.626489477919766,"two gen","inter",300,"Greece",2001,"SEU","EU"
"total",1125020,0.109343716104051,"three+ gen","inter",300,"Greece",2001,"SEU","EU"
"total",64990,0.00631655269204303,"skipped","inter",300,"Greece",2001,"SEU","EU"
"young_female",168270,0.0427936004150422,"single","inter",300,"Greece",2001,"SEU","EU"
"young_female",480330,0.122155167809813,"one gen","inter",300,"Greece",2001,"SEU","EU"
"young_female",2827400,0.719050489175078,"two gen","inter",300,"Greece",2001,"SEU","EU"
"young_female",435530,0.110761851719043,"three+ gen","inter",300,"Greece",2001,"SEU","EU"
"young_female",20600,0.00523889088102377,"skipped","inter",300,"Greece",2001,"SEU","EU"
"young_male",174560,0.04393436021343,"single","inter",300,"Greece",2001,"SEU","EU"
"young_male",448230,0.112813349441256,"one gen","inter",300,"Greece",2001,"SEU","EU"
"young_male",2906460,0.731516158260344,"two gen","inter",300,"Greece",2001,"SEU","EU"
"young_male",423600,0.106614315916641,"three+ gen","inter",300,"Greece",2001,"SEU","EU"
"young_male",20350,0.0051218161683278,"skipped","inter",300,"Greece",2001,"SEU","EU"
"old_female",293200,0.226335860184342,"single","un",300,"Greece",2001,"SEU","EU"
"old_female",640220,0.494218091429807,"nuclear","un",300,"Greece",2001,"SEU","EU"
"old_female",52420,0.0404656404872551,"complex","un",300,"Greece",2001,"SEU","EU"
"old_female",309580,0.238980407898597,"extended","un",300,"Greece",2001,"SEU","EU"
"old_male",92500,0.0850113501640489,"single","un",300,"Greece",2001,"SEU","EU"
"old_male",789870,0.725923407071106,"nuclear","un",300,"Greece",2001,"SEU","EU"
"old_male",41130,0.0378001819702414,"complex","un",300,"Greece",2001,"SEU","EU"
"old_male",164590,0.151265060794603,"extended","un",300,"Greece",2001,"SEU","EU"
"young_female",168270,0.0427936004150422,"single","un",300,"Greece",2001,"SEU","EU"
"young_female",2938510,0.747307438970736,"nuclear","un",300,"Greece",2001,"SEU","EU"
"young_female",213650,0.0543344192587732,"complex","un",300,"Greece",2001,"SEU","EU"
"young_female",611700,0.155564541355449,"extended","un",300,"Greece",2001,"SEU","EU"
"young_male",174560,0.04393436021343,"single","un",300,"Greece",2001,"SEU","EU"
"young_male",2920170,0.734966777408638,"nuclear","un",300,"Greece",2001,"SEU","EU"
"young_male",252270,0.0634929024463908,"complex","un",300,"Greece",2001,"SEU","EU"
"young_male",626200,0.157605959931541,"extended","un",300,"Greece",2001,"SEU","EU"
"total",728530,0.0708077878555794,"single","un",300,"Greece",2001,"SEU","EU"
"total",7288770,0.708415137177758,"nuclear","un",300,"Greece",2001,"SEU","EU"
"total",559470,0.0543763922852333,"complex","un",300,"Greece",2001,"SEU","EU"
"total",1712070,0.16640068268143,"extended","un",300,"Greece",2001,"SEU","EU"
"old_female",129400,0.31750705434916,"single","inter",372,"Ireland",2011,"NEU","EU"
"old_female",144770,0.355220218378113,"one gen","inter",372,"Ireland",2011,"NEU","EU"
"old_female",112390,0.275769844190897,"two gen","inter",372,"Ireland",2011,"NEU","EU"
"old_female",17430,0.0427677585572322,"three+ gen","inter",372,"Ireland",2011,"NEU","EU"
"old_female",3560,0.00873512452459821,"skipped","inter",372,"Ireland",2011,"NEU","EU"
"old_male",82280,0.231032739933734,"single","inter",372,"Ireland",2011,"NEU","EU"
"old_male",157200,0.44139944965463,"one gen","inter",372,"Ireland",2011,"NEU","EU"
"old_male",102970,0.289127871061942,"two gen","inter",372,"Ireland",2011,"NEU","EU"
"old_male",11190,0.0314202280002246,"three+ gen","inter",372,"Ireland",2011,"NEU","EU"
"old_male",2500,0.00701971134946931,"skipped","inter",372,"Ireland",2011,"NEU","EU"
"total",473920,0.0998703994436659,"single","inter",372,"Ireland",2011,"NEU","EU"
"total",957030,0.201677431590926,"one gen","inter",372,"Ireland",2011,"NEU","EU"
"total",3122460,0.658004151432455,"two gen","inter",372,"Ireland",2011,"NEU","EU"
"total",176190,0.0371289788951289,"three+ gen","inter",372,"Ireland",2011,"NEU","EU"
"total",15750,0.0033190386378244,"skipped","inter",372,"Ireland",2011,"NEU","EU"
"young_female",110770,0.0558223682552801,"single","inter",372,"Ireland",2011,"NEU","EU"
"young_female",321990,0.162266356906361,"one gen","inter",372,"Ireland",2011,"NEU","EU"
"young_female",1464410,0.737987129156945,"two gen","inter",372,"Ireland",2011,"NEU","EU"
"young_female",82390,0.0415203116417128,"three+ gen","inter",372,"Ireland",2011,"NEU","EU"
"young_female",4770,0.00240383403970106,"skipped","inter",372,"Ireland",2011,"NEU","EU"
"young_male",151470,0.0758362413822453,"single","inter",372,"Ireland",2011,"NEU","EU"
"young_male",333070,0.166757621424602,"one gen","inter",372,"Ireland",2011,"NEU","EU"
"young_male",1442690,0.722309282892662,"two gen","inter",372,"Ireland",2011,"NEU","EU"
"young_male",65180,0.0326335658103568,"three+ gen","inter",372,"Ireland",2011,"NEU","EU"
"young_male",4920,0.00246328849013433,"skipped","inter",372,"Ireland",2011,"NEU","EU"
"old_female",129400,0.31750705434916,"single","un",372,"Ireland",2011,"NEU","EU"
"old_female",215780,0.529456508403877,"nuclear","un",372,"Ireland",2011,"NEU","EU"
"old_female",10770,0.0264262053735738,"complex","un",372,"Ireland",2011,"NEU","EU"
"old_female",51600,0.12661023187339,"extended","un",372,"Ireland",2011,"NEU","EU"
"old_male",82280,0.231032739933734,"single","un",372,"Ireland",2011,"NEU","EU"
"old_male",226990,0.637361711686415,"nuclear","un",372,"Ireland",2011,"NEU","EU"
"old_male",9160,0.0257202223844556,"complex","un",372,"Ireland",2011,"NEU","EU"
"old_male",37710,0.105885325995395,"extended","un",372,"Ireland",2011,"NEU","EU"
"young_female",110770,0.0558223682552801,"single","un",372,"Ireland",2011,"NEU","EU"
"young_female",1509470,0.760695045682926,"nuclear","un",372,"Ireland",2011,"NEU","EU"
"young_female",173740,0.0875560012699501,"complex","un",372,"Ireland",2011,"NEU","EU"
"young_female",190350,0.0959265847918441,"extended","un",372,"Ireland",2011,"NEU","EU"
"young_male",151470,0.0758362413822453,"single","un",372,"Ireland",2011,"NEU","EU"
"young_male",1476060,0.739016587143837,"nuclear","un",372,"Ireland",2011,"NEU","EU"
"young_male",184730,0.0924884721102672,"complex","un",372,"Ireland",2011,"NEU","EU"
"young_male",185070,0.0926586993636505,"extended","un",372,"Ireland",2011,"NEU","EU"
"total",473920,0.0998703994436659,"single","un",372,"Ireland",2011,"NEU","EU"
"total",3428300,0.722454613463707,"nuclear","un",372,"Ireland",2011,"NEU","EU"
"total",378400,0.0797412203525557,"complex","un",372,"Ireland",2011,"NEU","EU"
"total",464730,0.0979337667400719,"extended","un",372,"Ireland",2011,"NEU","EU"
"old_female",145390,0.141376326101965,"single","inter",404,"Kenya",2009,"EAF","AF"
"old_female",90150,0.0876612958119002,"one gen","inter",404,"Kenya",2009,"EAF","AF"
"old_female",175550,0.170703721350849,"two gen","inter",404,"Kenya",2009,"EAF","AF"
"old_female",342880,0.333414366145139,"three+ gen","inter",404,"Kenya",2009,"EAF","AF"
"old_female",274420,0.266844290590146,"skipped","inter",404,"Kenya",2009,"EAF","AF"
"old_male",78040,0.0871770238720272,"single","inter",404,"Kenya",2009,"EAF","AF"
"old_male",117080,0.130787877433841,"one gen","inter",404,"Kenya",2009,"EAF","AF"
"old_male",290500,0.32451211474659,"two gen","inter",404,"Kenya",2009,"EAF","AF"
"old_male",272370,0.304259430958791,"three+ gen","inter",404,"Kenya",2009,"EAF","AF"
"old_male",137200,0.153263552988751,"skipped","inter",404,"Kenya",2009,"EAF","AF"
"total",1487150,0.0387083591992056,"single","inter",404,"Kenya",2009,"EAF","AF"
"total",2330950,0.060671250294448,"one gen","inter",404,"Kenya",2009,"EAF","AF"
"total",26094060,0.679190564129794,"two gen","inter",404,"Kenya",2009,"EAF","AF"
"total",6851490,0.178334354953949,"three+ gen","inter",404,"Kenya",2009,"EAF","AF"
"total",1655700,0.0430954714226035,"skipped","inter",404,"Kenya",2009,"EAF","AF"
"young_female",382180,0.02083316298524,"single","inter",404,"Kenya",2009,"EAF","AF"
"young_female",851590,0.0464213545099181,"one gen","inter",404,"Kenya",2009,"EAF","AF"
"young_female",13105110,0.714377760661201,"two gen","inter",404,"Kenya",2009,"EAF","AF"
"young_female",3350610,0.182646408053731,"three+ gen","inter",404,"Kenya",2009,"EAF","AF"
"young_female",655300,0.0357213137899098,"skipped","inter",404,"Kenya",2009,"EAF","AF"
"young_male",881540,0.0485670746152549,"single","inter",404,"Kenya",2009,"EAF","AF"
"young_male",1272130,0.0700860229034465,"one gen","inter",404,"Kenya",2009,"EAF","AF"
"young_male",12522900,0.689929689746779,"two gen","inter",404,"Kenya",2009,"EAF","AF"
"young_male",2885630,0.158979294781879,"three+ gen","inter",404,"Kenya",2009,"EAF","AF"
"young_male",588780,0.0324379179526395,"skipped","inter",404,"Kenya",2009,"EAF","AF"
"old_female",145390,0.141376326101965,"single","un",404,"Kenya",2009,"EAF","AF"
"old_female",162990,0.158490455955425,"nuclear","un",404,"Kenya",2009,"EAF","AF"
"old_female",84620,0.0822839584204436,"complex","un",404,"Kenya",2009,"EAF","AF"
"old_female",635390,0.617849259522166,"extended","un",404,"Kenya",2009,"EAF","AF"
"old_male",78040,0.0871770238720272,"single","un",404,"Kenya",2009,"EAF","AF"
"old_male",298530,0.333482277505334,"nuclear","un",404,"Kenya",2009,"EAF","AF"
"old_male",80480,0.0899027022196405,"complex","un",404,"Kenya",2009,"EAF","AF"
"old_male",438140,0.489437996402998,"extended","un",404,"Kenya",2009,"EAF","AF"
"young_female",382180,0.02083316298524,"single","un",404,"Kenya",2009,"EAF","AF"
"young_female",9765480,0.532329887668379,"nuclear","un",404,"Kenya",2009,"EAF","AF"
"young_female",1536810,0.0837736490851081,"complex","un",404,"Kenya",2009,"EAF","AF"
"young_female",6660320,0.363063300261273,"extended","un",404,"Kenya",2009,"EAF","AF"
"young_male",881540,0.0485670746152549,"single","un",404,"Kenya",2009,"EAF","AF"
"young_male",9468960,0.521677617406884,"nuclear","un",404,"Kenya",2009,"EAF","AF"
"young_male",1703110,0.0938301953944085,"complex","un",404,"Kenya",2009,"EAF","AF"
"young_male",6097370,0.335925112583453,"extended","un",404,"Kenya",2009,"EAF","AF"
"total",1487150,0.0387083591992056,"single","un",404,"Kenya",2009,"EAF","AF"
"total",19695960,0.512657293785553,"nuclear","un",404,"Kenya",2009,"EAF","AF"
"total",3405020,0.0886277357633588,"complex","un",404,"Kenya",2009,"EAF","AF"
"total",13831220,0.360006611251882,"extended","un",404,"Kenya",2009,"EAF","AF"
"old_female",27110,0.126842277640013,"single","inter",417,"KyrgyzRepublic",2009,"CAS","AS"
"old_female",24700,0.115566368783044,"one gen","inter",417,"KyrgyzRepublic",2009,"CAS","AS"
"old_female",36000,0.168436812801198,"two gen","inter",417,"KyrgyzRepublic",2009,"CAS","AS"
"old_female",111470,0.521545875637486,"three+ gen","inter",417,"KyrgyzRepublic",2009,"CAS","AS"
"old_female",14450,0.0676086651382586,"skipped","inter",417,"KyrgyzRepublic",2009,"CAS","AS"
"old_male",9190,0.0616571620261657,"single","inter",417,"KyrgyzRepublic",2009,"CAS","AS"
"old_male",26900,0.180476350218048,"one gen","inter",417,"KyrgyzRepublic",2009,"CAS","AS"
"old_male",31450,0.2110030191211,"two gen","inter",417,"KyrgyzRepublic",2009,"CAS","AS"
"old_male",73740,0.494733310969473,"three+ gen","inter",417,"KyrgyzRepublic",2009,"CAS","AS"
"old_male",7770,0.052130157665213,"skipped","inter",417,"KyrgyzRepublic",2009,"CAS","AS"
"total",123160,0.0217987702350147,"single","inter",417,"KyrgyzRepublic",2009,"CAS","AS"
"total",403350,0.0713911495152092,"one gen","inter",417,"KyrgyzRepublic",2009,"CAS","AS"
"total",3248160,0.57490982077432,"two gen","inter",417,"KyrgyzRepublic",2009,"CAS","AS"
"total",1793520,0.317445034036241,"three+ gen","inter",417,"KyrgyzRepublic",2009,"CAS","AS"
"total",81670,0.0144552254392144,"skipped","inter",417,"KyrgyzRepublic",2009,"CAS","AS"
"young_female",45190,0.016990254759828,"single","inter",417,"KyrgyzRepublic",2009,"CAS","AS"
"young_female",181810,0.068355791499985,"one gen","inter",417,"KyrgyzRepublic",2009,"CAS","AS"
"young_female",1579710,0.593929527476163,"two gen","inter",417,"KyrgyzRepublic",2009,"CAS","AS"
"young_female",822640,0.309291063855385,"three+ gen","inter",417,"KyrgyzRepublic",2009,"CAS","AS"
"young_female",30410,0.0114333624086384,"skipped","inter",417,"KyrgyzRepublic",2009,"CAS","AS"
"young_male",41670,0.015860268258149,"single","inter",417,"KyrgyzRepublic",2009,"CAS","AS"
"young_male",169940,0.0646818811564636,"one gen","inter",417,"KyrgyzRepublic",2009,"CAS","AS"
"young_male",1601000,0.609366198255256,"two gen","inter",417,"KyrgyzRepublic",2009,"CAS","AS"
"young_male",785670,0.299038564011997,"three+ gen","inter",417,"KyrgyzRepublic",2009,"CAS","AS"
"young_male",29040,0.0110530883181341,"skipped","inter",417,"KyrgyzRepublic",2009,"CAS","AS"
"old_female",27110,0.126842277640013,"single","un",417,"KyrgyzRepublic",2009,"CAS","AS"
"old_female",42220,0.19753895101296,"nuclear","un",417,"KyrgyzRepublic",2009,"CAS","AS"
"old_female",1580,0.00739250456183035,"complex","un",417,"KyrgyzRepublic",2009,"CAS","AS"
"old_female",142820,0.668226266785196,"extended","un",417,"KyrgyzRepublic",2009,"CAS","AS"
"old_male",9190,0.0616571620261657,"single","un",417,"KyrgyzRepublic",2009,"CAS","AS"
"old_male",45690,0.306541429050654,"nuclear","un",417,"KyrgyzRepublic",2009,"CAS","AS"
"old_male",1050,0.00704461590070446,"complex","un",417,"KyrgyzRepublic",2009,"CAS","AS"
"old_male",93120,0.624756793022476,"extended","un",417,"KyrgyzRepublic",2009,"CAS","AS"
"young_female",45190,0.016990254759828,"single","un",417,"KyrgyzRepublic",2009,"CAS","AS"
"young_female",1330390,0.500191746623756,"nuclear","un",417,"KyrgyzRepublic",2009,"CAS","AS"
"young_female",61840,0.0232502180647878,"complex","un",417,"KyrgyzRepublic",2009,"CAS","AS"
"young_female",1222340,0.459567780551629,"extended","un",417,"KyrgyzRepublic",2009,"CAS","AS"
"young_male",41670,0.015860268258149,"single","un",417,"KyrgyzRepublic",2009,"CAS","AS"
"young_male",1358880,0.517211455018802,"nuclear","un",417,"KyrgyzRepublic",2009,"CAS","AS"
"young_male",63790,0.0242794939329811,"complex","un",417,"KyrgyzRepublic",2009,"CAS","AS"
"young_male",1162980,0.442648782790067,"extended","un",417,"KyrgyzRepublic",2009,"CAS","AS"
"total",123160,0.0217987702350147,"single","un",417,"KyrgyzRepublic",2009,"CAS","AS"
"total",2777180,0.491548463147759,"nuclear","un",417,"KyrgyzRepublic",2009,"CAS","AS"
"total",128260,0.0227014474694948,"complex","un",417,"KyrgyzRepublic",2009,"CAS","AS"
"total",2621260,0.463951319147731,"extended","un",417,"KyrgyzRepublic",2009,"CAS","AS"
"old_female",828748,0.122913432842904,"single","inter",484,"Mexico",2015,"CAM","AM"
"old_female",1422734,0.211008798769127,"one gen","inter",484,"Mexico",2015,"CAM","AM"
"old_female",2046952,0.303587938896563,"two gen","inter",484,"Mexico",2015,"CAM","AM"
"old_female",2129068,0.315766742889246,"three+ gen","inter",484,"Mexico",2015,"CAM","AM"
"old_female",315032,0.0467230866021588,"skipped","inter",484,"Mexico",2015,"CAM","AM"
"old_male",565972,0.0973998461488157,"single","inter",484,"Mexico",2015,"CAM","AM"
"old_male",1630292,0.280561918217942,"one gen","inter",484,"Mexico",2015,"CAM","AM"
"old_male",1862680,0.320554277286643,"two gen","inter",484,"Mexico",2015,"CAM","AM"
"old_male",1550160,0.266771758154199,"three+ gen","inter",484,"Mexico",2015,"CAM","AM"
"old_male",201706,0.0347122001924,"skipped","inter",484,"Mexico",2015,"CAM","AM"
"total",3222336,0.0269511934169265,"single","inter",484,"Mexico",2015,"CAM","AM"
"total",9126328,0.076331404023141,"one gen","inter",484,"Mexico",2015,"CAM","AM"
"total",75069326,0.627869944259168,"two gen","inter",484,"Mexico",2015,"CAM","AM"
"total",30472708,0.254869711676723,"three+ gen","inter",484,"Mexico",2015,"CAM","AM"
"total",1671206,0.0139777466240417,"skipped","inter",484,"Mexico",2015,"CAM","AM"
"young_female",625890,0.011429079592878,"single","inter",484,"Mexico",2015,"CAM","AM"
"young_female",3083892,0.0563134849955097,"one gen","inter",484,"Mexico",2015,"CAM","AM"
"young_female",35895094,0.65546323846017,"two gen","inter",484,"Mexico",2015,"CAM","AM"
"young_female",14557278,0.265823529562146,"three+ gen","inter",484,"Mexico",2015,"CAM","AM"
"young_female",600786,0.0109706673892965,"skipped","inter",484,"Mexico",2015,"CAM","AM"
"young_male",1201726,0.0230014688312628,"single","inter",484,"Mexico",2015,"CAM","AM"
"young_male",2989410,0.0572183850052885,"one gen","inter",484,"Mexico",2015,"CAM","AM"
"young_male",35264600,0.674977155979774,"two gen","inter",484,"Mexico",2015,"CAM","AM"
"young_male",12236202,0.234205317115579,"three+ gen","inter",484,"Mexico",2015,"CAM","AM"
"young_male",553682,0.0105976730680964,"skipped","inter",484,"Mexico",2015,"CAM","AM"
"old_female",828748,0.122913432842904,"single","un",484,"Mexico",2015,"CAM","AM"
"old_female",2617300,0.388177501218385,"nuclear","un",484,"Mexico",2015,"CAM","AM"
"old_female",111066,0.0164724419632144,"complex","un",484,"Mexico",2015,"CAM","AM"
"old_female",3185420,0.472436623975496,"extended","un",484,"Mexico",2015,"CAM","AM"
"old_male",565972,0.0973998461488157,"single","un",484,"Mexico",2015,"CAM","AM"
"old_male",2904342,0.499817065090753,"nuclear","un",484,"Mexico",2015,"CAM","AM"
"old_male",84822,0.0145972764554339,"complex","un",484,"Mexico",2015,"CAM","AM"
"old_male",2255674,0.388185812304997,"extended","un",484,"Mexico",2015,"CAM","AM"
"young_female",625890,0.011429079592878,"single","un",484,"Mexico",2015,"CAM","AM"
"young_female",33057036,0.603638811210647,"nuclear","un",484,"Mexico",2015,"CAM","AM"
"young_female",942556,0.0172115668004676,"complex","un",484,"Mexico",2015,"CAM","AM"
"young_female",20137458,0.367720542396007,"extended","un",484,"Mexico",2015,"CAM","AM"
"young_male",1201726,0.0230014688312628,"single","un",484,"Mexico",2015,"CAM","AM"
"young_male",32426632,0.620657425445425,"nuclear","un",484,"Mexico",2015,"CAM","AM"
"young_male",936466,0.0179242968118667,"complex","un",484,"Mexico",2015,"CAM","AM"
"young_male",17680796,0.338416808911446,"extended","un",484,"Mexico",2015,"CAM","AM"
"total",3222336,0.0269511934169265,"single","un",484,"Mexico",2015,"CAM","AM"
"total",71005310,0.593879050303515,"nuclear","un",484,"Mexico",2015,"CAM","AM"
"total",2074910,0.0173542736489041,"complex","un",484,"Mexico",2015,"CAM","AM"
"total",43259348,0.361815482630655,"extended","un",484,"Mexico",2015,"CAM","AM"
"old_female",7870,0.108506824762167,"single","inter",496,"Mongolia",2000,"EAS","AS"
"old_female",7460,0.102853991451813,"one gen","inter",496,"Mongolia",2000,"EAS","AS"
"old_female",19330,0.26651040948573,"two gen","inter",496,"Mongolia",2000,"EAS","AS"
"old_female",29510,0.406866124362333,"three+ gen","inter",496,"Mongolia",2000,"EAS","AS"
"old_female",8360,0.115262649937957,"skipped","inter",496,"Mongolia",2000,"EAS","AS"
"old_male",4000,0.0707463742483198,"single","inter",496,"Mongolia",2000,"EAS","AS"
"old_male",9140,0.161655465157411,"one gen","inter",496,"Mongolia",2000,"EAS","AS"
"old_male",19530,0.345419172267421,"two gen","inter",496,"Mongolia",2000,"EAS","AS"
"old_male",19830,0.350725150336045,"three+ gen","inter",496,"Mongolia",2000,"EAS","AS"
"old_male",4040,0.071453837990803,"skipped","inter",496,"Mongolia",2000,"EAS","AS"
"total",45060,0.018488050056416,"single","inter",496,"Mongolia",2000,"EAS","AS"
"total",145790,0.0598174171709919,"one gen","inter",496,"Mongolia",2000,"EAS","AS"
"total",1737140,0.712745922658734,"two gen","inter",496,"Mongolia",2000,"EAS","AS"
"total",470520,0.193053646527849,"three+ gen","inter",496,"Mongolia",2000,"EAS","AS"
"total",38740,0.0158949635860088,"skipped","inter",496,"Mongolia",2000,"EAS","AS"
"young_female",6090,0.00528072837632777,"single","inter",496,"Mongolia",2000,"EAS","AS"
"young_female",61480,0.0533102102753089,"one gen","inter",496,"Mongolia",2000,"EAS","AS"
"young_female",844530,0.732304357251246,"two gen","inter",496,"Mongolia",2000,"EAS","AS"
"young_female",227970,0.197676132668545,"three+ gen","inter",496,"Mongolia",2000,"EAS","AS"
"young_female",13180,0.0114285714285714,"skipped","inter",496,"Mongolia",2000,"EAS","AS"
"young_male",27100,0.0234646255617224,"single","inter",496,"Mongolia",2000,"EAS","AS"
"young_male",67710,0.0586269297706355,"one gen","inter",496,"Mongolia",2000,"EAS","AS"
"young_male",853750,0.73922229052843,"two gen","inter",496,"Mongolia",2000,"EAS","AS"
"young_male",193210,0.167291524161637,"three+ gen","inter",496,"Mongolia",2000,"EAS","AS"
"young_male",13160,0.0113946299775744,"skipped","inter",496,"Mongolia",2000,"EAS","AS"
"old_female",7870,0.108506824762167,"single","un",496,"Mongolia",2000,"EAS","AS"
"old_female",16100,0.221977112918792,"nuclear","un",496,"Mongolia",2000,"EAS","AS"
"old_female",3080,0.0424651868192472,"complex","un",496,"Mongolia",2000,"EAS","AS"
"old_female",45480,0.627050875499793,"extended","un",496,"Mongolia",2000,"EAS","AS"
"old_male",4000,0.0707463742483198,"single","un",496,"Mongolia",2000,"EAS","AS"
"old_male",22920,0.405376724442872,"nuclear","un",496,"Mongolia",2000,"EAS","AS"
"old_male",2630,0.0465157410682702,"complex","un",496,"Mongolia",2000,"EAS","AS"
"old_male",26990,0.477361160240538,"extended","un",496,"Mongolia",2000,"EAS","AS"
"young_female",6090,0.00528072837632777,"single","un",496,"Mongolia",2000,"EAS","AS"
"young_female",653690,0.566824192499458,"nuclear","un",496,"Mongolia",2000,"EAS","AS"
"young_female",66680,0.0578192065900715,"complex","un",496,"Mongolia",2000,"EAS","AS"
"young_female",426790,0.370075872534143,"extended","un",496,"Mongolia",2000,"EAS","AS"
"young_male",27100,0.0234646255617224,"single","un",496,"Mongolia",2000,"EAS","AS"
"young_male",658510,0.570173084083018,"nuclear","un",496,"Mongolia",2000,"EAS","AS"
"young_male",72650,0.0629042452789347,"complex","un",496,"Mongolia",2000,"EAS","AS"
"young_male",396670,0.343458045076325,"extended","un",496,"Mongolia",2000,"EAS","AS"
"total",45060,0.018488050056416,"single","un",496,"Mongolia",2000,"EAS","AS"
"total",1351220,0.554403528567033,"nuclear","un",496,"Mongolia",2000,"EAS","AS"
"total",145040,0.0595096933018771,"complex","un",496,"Mongolia",2000,"EAS","AS"
"total",895930,0.367598728074674,"extended","un",496,"Mongolia",2000,"EAS","AS"
"old_female",8870,0.0533533834586466,"single","inter",558,"Nicaragua",2005,"CAM","AM"
"old_female",18830,0.113263157894737,"one gen","inter",558,"Nicaragua",2005,"CAM","AM"
"old_female",35000,0.210526315789474,"two gen","inter",558,"Nicaragua",2005,"CAM","AM"
"old_female",83900,0.504661654135338,"three+ gen","inter",558,"Nicaragua",2005,"CAM","AM"
"old_female",19650,0.118195488721805,"skipped","inter",558,"Nicaragua",2005,"CAM","AM"
"old_male",9930,0.0677723177723178,"single","inter",558,"Nicaragua",2005,"CAM","AM"
"old_male",19470,0.132882882882883,"one gen","inter",558,"Nicaragua",2005,"CAM","AM"
"old_male",42400,0.289380289380289,"two gen","inter",558,"Nicaragua",2005,"CAM","AM"
"old_male",64110,0.437551187551188,"three+ gen","inter",558,"Nicaragua",2005,"CAM","AM"
"old_male",10610,0.0724133224133224,"skipped","inter",558,"Nicaragua",2005,"CAM","AM"
"total",58810,0.0114086733852585,"single","inter",558,"Nicaragua",2005,"CAM","AM"
"total",236230,0.0458267456861014,"one gen","inter",558,"Nicaragua",2005,"CAM","AM"
"total",3077610,0.597031921394415,"two gen","inter",558,"Nicaragua",2005,"CAM","AM"
"total",1666280,0.32324509927544,"three+ gen","inter",558,"Nicaragua",2005,"CAM","AM"
"total",115920,0.0224875602587854,"skipped","inter",558,"Nicaragua",2005,"CAM","AM"
"young_female",12320,0.00503488044202327,"single","inter",558,"Nicaragua",2005,"CAM","AM"
"young_female",99530,0.0406754586359234,"one gen","inter",558,"Nicaragua",2005,"CAM","AM"
"young_female",1496360,0.611525462518339,"two gen","inter",558,"Nicaragua",2005,"CAM","AM"
"young_female",795950,0.325285153232826,"three+ gen","inter",558,"Nicaragua",2005,"CAM","AM"
"young_female",42770,0.0174790451708876,"skipped","inter",558,"Nicaragua",2005,"CAM","AM"
"young_male",27690,0.0115608625764566,"single","inter",558,"Nicaragua",2005,"CAM","AM"
"young_male",98400,0.0410830219401708,"one gen","inter",558,"Nicaragua",2005,"CAM","AM"
"young_male",1503850,0.627872993340709,"two gen","inter",558,"Nicaragua",2005,"CAM","AM"
"young_male",722320,0.30157610170553,"three+ gen","inter",558,"Nicaragua",2005,"CAM","AM"
"young_male",42890,0.0179070204371334,"skipped","inter",558,"Nicaragua",2005,"CAM","AM"
"old_female",8870,0.0533533834586466,"single","un",558,"Nicaragua",2005,"CAM","AM"
"old_female",29330,0.176421052631579,"nuclear","un",558,"Nicaragua",2005,"CAM","AM"
"old_female",16030,0.0964210526315789,"complex","un",558,"Nicaragua",2005,"CAM","AM"
"old_female",112020,0.673804511278196,"extended","un",558,"Nicaragua",2005,"CAM","AM"
"old_male",9930,0.0677723177723178,"single","un",558,"Nicaragua",2005,"CAM","AM"
"old_male",39710,0.271021021021021,"nuclear","un",558,"Nicaragua",2005,"CAM","AM"
"old_male",14530,0.0991673491673492,"complex","un",558,"Nicaragua",2005,"CAM","AM"
"old_male",82350,0.562039312039312,"extended","un",558,"Nicaragua",2005,"CAM","AM"
"young_female",12320,0.00503488044202327,"single","un",558,"Nicaragua",2005,"CAM","AM"
"young_female",1185100,0.484321169792352,"nuclear","un",558,"Nicaragua",2005,"CAM","AM"
"young_female",204620,0.0836231522765261,"complex","un",558,"Nicaragua",2005,"CAM","AM"
"young_female",1044890,0.427020797489099,"extended","un",558,"Nicaragua",2005,"CAM","AM"
"young_male",27690,0.0115608625764566,"single","un",558,"Nicaragua",2005,"CAM","AM"
"young_male",1195620,0.499183767196209,"nuclear","un",558,"Nicaragua",2005,"CAM","AM"
"young_male",194270,0.0811097426048473,"complex","un",558,"Nicaragua",2005,"CAM","AM"
"young_male",977570,0.408145627622487,"extended","un",558,"Nicaragua",2005,"CAM","AM"
"total",58810,0.0114086733852585,"single","un",558,"Nicaragua",2005,"CAM","AM"
"total",2449760,0.47523400292928,"nuclear","un",558,"Nicaragua",2005,"CAM","AM"
"total",429450,0.0833098926253916,"complex","un",558,"Nicaragua",2005,"CAM","AM"
"total",2216830,0.43004743106007,"extended","un",558,"Nicaragua",2005,"CAM","AM"
"old_female",9519,0.112307982727294,"single","inter",275,"Palestine",2007,"WAS","AS"
"old_female",26069,0.307569786922768,"one gen","inter",275,"Palestine",2007,"WAS","AS"
"old_female",30009,0.35405507444725,"two gen","inter",275,"Palestine",2007,"WAS","AS"
"old_female",17959,0.211885603718823,"three+ gen","inter",275,"Palestine",2007,"WAS","AS"
"old_female",1202,0.0141815521838646,"skipped","inter",275,"Palestine",2007,"WAS","AS"
"old_male",2042,0.0275187321438197,"single","inter",275,"Palestine",2007,"WAS","AS"
"old_male",27903,0.376030941728209,"one gen","inter",275,"Palestine",2007,"WAS","AS"
"old_male",34358,0.463020861409088,"two gen","inter",275,"Palestine",2007,"WAS","AS"
"old_male",9531,0.128443210608593,"three+ gen","inter",275,"Palestine",2007,"WAS","AS"
"old_male",370,0.00498625411029055,"skipped","inter",275,"Palestine",2007,"WAS","AS"
"total",17426,0.00796372133281966,"single","inter",275,"Palestine",2007,"WAS","AS"
"total",111870,0.0511248425055971,"one gen","inter",275,"Palestine",2007,"WAS","AS"
"total",1821377,0.832373400092223,"two gen","inter",275,"Palestine",2007,"WAS","AS"
"total",229376,0.104825349732402,"three+ gen","inter",275,"Palestine",2007,"WAS","AS"
"total",8124,0.00371268633695782,"skipped","inter",275,"Palestine",2007,"WAS","AS"
"young_female",2927,0.00294822129689505,"single","inter",275,"Palestine",2007,"WAS","AS"
"young_female",31187,0.0314131115771322,"one gen","inter",275,"Palestine",2007,"WAS","AS"
"young_female",855951,0.862156804680087,"two gen","inter",275,"Palestine",2007,"WAS","AS"
"young_female",99761,0.100484285889835,"three+ gen","inter",275,"Palestine",2007,"WAS","AS"
"young_female",2976,0.00299757655605045,"skipped","inter",275,"Palestine",2007,"WAS","AS"
"young_male",2938,0.00283478819655175,"single","inter",275,"Palestine",2007,"WAS","AS"
"young_male",26711,0.0257726438114683,"one gen","inter",275,"Palestine",2007,"WAS","AS"
"young_male",901059,0.869404839209231,"two gen","inter",275,"Palestine",2007,"WAS","AS"
"young_male",102125,0.0985373534965443,"three+ gen","inter",275,"Palestine",2007,"WAS","AS"
"young_male",3576,0.00345037528620458,"skipped","inter",275,"Palestine",2007,"WAS","AS"
"old_female",9519,0.112307982727294,"single","un",275,"Palestine",2007,"WAS","AS"
"old_female",32235,0.380318082068949,"nuclear","un",275,"Palestine",2007,"WAS","AS"
"old_female",348,0.00410580712145166,"complex","un",275,"Palestine",2007,"WAS","AS"
"old_female",42656,0.503268128082305,"extended","un",275,"Palestine",2007,"WAS","AS"
"old_male",2042,0.0275187321438197,"single","un",275,"Palestine",2007,"WAS","AS"
"old_male",42133,0.567799579537491,"nuclear","un",275,"Palestine",2007,"WAS","AS"
"old_male",166,0.00223707616840063,"complex","un",275,"Palestine",2007,"WAS","AS"
"old_male",29863,0.402444612150288,"extended","un",275,"Palestine",2007,"WAS","AS"
"young_female",2927,0.00294822129689505,"single","un",275,"Palestine",2007,"WAS","AS"
"young_female",833956,0.840002336820433,"nuclear","un",275,"Palestine",2007,"WAS","AS"
"young_female",1836,0.00184931134304725,"complex","un",275,"Palestine",2007,"WAS","AS"
"young_female",154083,0.155200130539624,"extended","un",275,"Palestine",2007,"WAS","AS"
"young_male",2938,0.00283478819655175,"single","un",275,"Palestine",2007,"WAS","AS"
"young_male",876428,0.845639125094437,"nuclear","un",275,"Palestine",2007,"WAS","AS"
"young_male",1540,0.0014858998715758,"complex","un",275,"Palestine",2007,"WAS","AS"
"young_male",155503,0.150040186837436,"extended","un",275,"Palestine",2007,"WAS","AS"
"total",17426,0.00796372133281966,"single","un",275,"Palestine",2007,"WAS","AS"
"total",1784752,0.815635692424685,"nuclear","un",275,"Palestine",2007,"WAS","AS"
"total",3890,0.00177773878025184,"complex","un",275,"Palestine",2007,"WAS","AS"
"total",382105,0.174622847462244,"extended","un",275,"Palestine",2007,"WAS","AS"
"old_female",21070,0.112709960415106,"single","inter",591,"Panama",2010,"CAM","AM"
"old_female",33000,0.17652722798759,"one gen","inter",591,"Panama",2010,"CAM","AM"
"old_female",56640,0.302984914945972,"two gen","inter",591,"Panama",2010,"CAM","AM"
"old_female",62570,0.334706322884348,"three+ gen","inter",591,"Panama",2010,"CAM","AM"
"old_female",13660,0.0730715737669841,"skipped","inter",591,"Panama",2010,"CAM","AM"
"old_male",30440,0.173645179691957,"single","inter",591,"Panama",2010,"CAM","AM"
"old_male",39780,0.226925270964062,"one gen","inter",591,"Panama",2010,"CAM","AM"
"old_male",53360,0.304392470051341,"two gen","inter",591,"Panama",2010,"CAM","AM"
"old_male",43230,0.246605818596691,"three+ gen","inter",591,"Panama",2010,"CAM","AM"
"old_male",8490,0.0484312606959498,"skipped","inter",591,"Panama",2010,"CAM","AM"
"total",173350,0.0508181919453092,"single","inter",591,"Panama",2010,"CAM","AM"
"total",298160,0.0874067038385544,"one gen","inter",591,"Panama",2010,"CAM","AM"
"total",2035330,0.59666449732937,"two gen","inter",591,"Panama",2010,"CAM","AM"
"total",833380,0.244308421132863,"three+ gen","inter",591,"Panama",2010,"CAM","AM"
"total",70960,0.0208021857539033,"skipped","inter",591,"Panama",2010,"CAM","AM"
"young_female",33850,0.0224000105878927,"single","inter",591,"Panama",2010,"CAM","AM"
"young_female",104560,0.0691918790862649,"one gen","inter",591,"Panama",2010,"CAM","AM"
"young_female",964480,0.638238174647291,"two gen","inter",591,"Panama",2010,"CAM","AM"
"young_female",384670,0.254552793880198,"three+ gen","inter",591,"Panama",2010,"CAM","AM"
"young_female",23600,0.0156171417983536,"skipped","inter",591,"Panama",2010,"CAM","AM"
"young_male",87990,0.0572188479496417,"single","inter",591,"Panama",2010,"CAM","AM"
"young_male",120820,0.0785678055378533,"one gen","inter",591,"Panama",2010,"CAM","AM"
"young_male",960850,0.624829299379625,"two gen","inter",591,"Panama",2010,"CAM","AM"
"young_male",342910,0.222990284696121,"three+ gen","inter",591,"Panama",2010,"CAM","AM"
"young_male",25210,0.0163937624367595,"skipped","inter",591,"Panama",2010,"CAM","AM"
"old_female",21070,0.112709960415106,"single","un",591,"Panama",2010,"CAM","AM"
"old_female",57940,0.309939017866695,"nuclear","un",591,"Panama",2010,"CAM","AM"
"old_female",17010,0.0909917620626939,"complex","un",591,"Panama",2010,"CAM","AM"
"old_female",90920,0.486359259655504,"extended","un",591,"Panama",2010,"CAM","AM"
"old_male",30440,0.173645179691957,"single","un",591,"Panama",2010,"CAM","AM"
"old_male",66720,0.380604677695379,"nuclear","un",591,"Panama",2010,"CAM","AM"
"old_male",14800,0.0844266970907016,"complex","un",591,"Panama",2010,"CAM","AM"
"old_male",63340,0.361323445521962,"extended","un",591,"Panama",2010,"CAM","AM"
"young_female",33850,0.0224000105878927,"single","un",591,"Panama",2010,"CAM","AM"
"young_female",812880,0.537917890891765,"nuclear","un",591,"Panama",2010,"CAM","AM"
"young_female",144690,0.0957476375764314,"complex","un",591,"Panama",2010,"CAM","AM"
"young_female",519740,0.343934460943911,"extended","un",591,"Panama",2010,"CAM","AM"
"young_male",87990,0.0572188479496417,"single","un",591,"Panama",2010,"CAM","AM"
"young_male",804320,0.523039706590019,"nuclear","un",591,"Panama",2010,"CAM","AM"
"young_male",155940,0.101405922823811,"complex","un",591,"Panama",2010,"CAM","AM"
"young_male",489530,0.318335522636528,"extended","un",591,"Panama",2010,"CAM","AM"
"total",173350,0.0508181919453092,"single","un",591,"Panama",2010,"CAM","AM"
"total",1741860,0.510632684291066,"nuclear","un",591,"Panama",2010,"CAM","AM"
"total",332440,0.0974560122890026,"complex","un",591,"Panama",2010,"CAM","AM"
"total",1163530,0.341093111474622,"extended","un",591,"Panama",2010,"CAM","AM"
"old_female",1197120,0.306192290968616,"single","inter",616,"Poland",2002,"EEU","EU"
"old_female",1057850,0.270570632017802,"one gen","inter",616,"Poland",2002,"EEU","EU"
"old_female",860880,0.220190807478835,"two gen","inter",616,"Poland",2002,"EEU","EU"
"old_female",657480,0.168166355474845,"three+ gen","inter",616,"Poland",2002,"EEU","EU"
"old_female",136370,0.0348799140599023,"skipped","inter",616,"Poland",2002,"EEU","EU"
"old_male",339170,0.131540776593599,"single","inter",616,"Poland",2002,"EEU","EU"
"old_male",1196160,0.46390840973612,"one gen","inter",616,"Poland",2002,"EEU","EU"
"old_male",648570,0.251535812351655,"two gen","inter",616,"Poland",2002,"EEU","EU"
"old_male",345600,0.134034532508028,"three+ gen","inter",616,"Poland",2002,"EEU","EU"
"old_male",48940,0.0189804688105987,"skipped","inter",616,"Poland",2002,"EEU","EU"
"total",3410730,0.0891914239749627,"single","inter",616,"Poland",2002,"EEU","EU"
"total",4566760,0.119421891311215,"one gen","inter",616,"Poland",2002,"EEU","EU"
"total",24020400,0.628139336871636,"two gen","inter",616,"Poland",2002,"EEU","EU"
"total",5793570,0.151503272964622,"three+ gen","inter",616,"Poland",2002,"EEU","EU"
"total",449100,0.0117440748775646,"skipped","inter",616,"Poland",2002,"EEU","EU"
"young_female",807210,0.0510577656558552,"single","inter",616,"Poland",2002,"EEU","EU"
"young_female",1221780,0.07728020827667,"one gen","inter",616,"Poland",2002,"EEU","EU"
"young_female",11118460,0.703266467380235,"two gen","inter",616,"Poland",2002,"EEU","EU"
"young_female",2531910,0.160148743749107,"three+ gen","inter",616,"Poland",2002,"EEU","EU"
"young_female",130380,0.00824681493813307,"skipped","inter",616,"Poland",2002,"EEU","EU"
"young_male",1067230,0.0669416936173843,"single","inter",616,"Poland",2002,"EEU","EU"
"young_male",1090970,0.0684307782631277,"one gen","inter",616,"Poland",2002,"EEU","EU"
"young_male",11392490,0.714590645989256,"two gen","inter",616,"Poland",2002,"EEU","EU"
"young_male",2258580,0.141668778398613,"three+ gen","inter",616,"Poland",2002,"EEU","EU"
"young_male",133410,0.00836810373161852,"skipped","inter",616,"Poland",2002,"EEU","EU"
"old_female",1197120,0.306192290968616,"single","un",616,"Poland",2002,"EEU","EU"
"old_female",1543980,0.394910095403739,"nuclear","un",616,"Poland",2002,"EEU","EU"
"old_female",18510,0.00473437859682329,"complex","un",616,"Poland",2002,"EEU","EU"
"old_female",1150090,0.294163235030821,"extended","un",616,"Poland",2002,"EEU","EU"
"old_male",339170,0.131540776593599,"single","un",616,"Poland",2002,"EEU","EU"
"old_male",1646340,0.638502350258296,"nuclear","un",616,"Poland",2002,"EEU","EU"
"old_male",12750,0.00494485037464513,"complex","un",616,"Poland",2002,"EEU","EU"
"old_male",580180,0.22501202277346,"extended","un",616,"Poland",2002,"EEU","EU"
"young_female",807210,0.0510577656558552,"single","un",616,"Poland",2002,"EEU","EU"
"young_female",11532420,0.729450326191323,"nuclear","un",616,"Poland",2002,"EEU","EU"
"young_female",127850,0.00808678700598492,"complex","un",616,"Poland",2002,"EEU","EU"
"young_female",3342260,0.211405121146837,"extended","un",616,"Poland",2002,"EEU","EU"
"young_male",1067230,0.0669416936173843,"single","un",616,"Poland",2002,"EEU","EU"
"young_male",11538230,0.723732145410935,"nuclear","un",616,"Poland",2002,"EEU","EU"
"young_male",130270,0.00817114813820512,"complex","un",616,"Poland",2002,"EEU","EU"
"young_male",3206950,0.201155012833476,"extended","un",616,"Poland",2002,"EEU","EU"
"total",3410730,0.0891914239749627,"single","un",616,"Poland",2002,"EEU","EU"
"total",26260970,0.686730790553276,"nuclear","un",616,"Poland",2002,"EEU","EU"
"total",289380,0.00756735780019958,"complex","un",616,"Poland",2002,"EEU","EU"
"total",8279480,0.216510427671561,"extended","un",616,"Poland",2002,"EEU","EU"
"old_female",374260,0.248866250847818,"single","inter",620,"Portugal",2011,"SEU","EU"
"old_female",636660,0.423350577846342,"one gen","inter",620,"Portugal",2011,"SEU","EU"
"old_female",326600,0.217174471027888,"two gen","inter",620,"Portugal",2011,"SEU","EU"
"old_female",143760,0.0955940047610815,"three+ gen","inter",620,"Portugal",2011,"SEU","EU"
"old_female",22580,0.0150146955168699,"skipped","inter",620,"Portugal",2011,"SEU","EU"
"old_male",120260,0.105363682559708,"single","inter",620,"Portugal",2011,"SEU","EU"
"old_male",654920,0.57379663214705,"one gen","inter",620,"Portugal",2011,"SEU","EU"
"old_male",272180,0.238465716939144,"two gen","inter",620,"Portugal",2011,"SEU","EU"
"old_male",81340,0.0712646095077888,"three+ gen","inter",620,"Portugal",2011,"SEU","EU"
"old_male",12680,0.0111093588463089,"skipped","inter",620,"Portugal",2011,"SEU","EU"
"total",870420,0.0822905439900165,"single","inter",620,"Portugal",2011,"SEU","EU"
"total",2266360,0.214264374988182,"one gen","inter",620,"Portugal",2011,"SEU","EU"
"total",6364960,0.60175090286838,"two gen","inter",620,"Portugal",2011,"SEU","EU"
"total",993060,0.0938850757274945,"three+ gen","inter",620,"Portugal",2011,"SEU","EU"
"total",82600,0.00780910242592698,"skipped","inter",620,"Portugal",2011,"SEU","EU"
"young_female",182260,0.0453195943963438,"single","inter",620,"Portugal",2011,"SEU","EU"
"young_female",510720,0.126992336497864,"one gen","inter",620,"Portugal",2011,"SEU","EU"
"young_female",2899020,0.720851588647474,"two gen","inter",620,"Portugal",2011,"SEU","EU"
"young_female",406540,0.101087610588662,"three+ gen","inter",620,"Portugal",2011,"SEU","EU"
"young_female",23120,0.00574886986965581,"skipped","inter",620,"Portugal",2011,"SEU","EU"
"young_male",193640,0.0495179644546733,"single","inter",620,"Portugal",2011,"SEU","EU"
"young_male",464060,0.118670246771513,"one gen","inter",620,"Portugal",2011,"SEU","EU"
"young_male",2867160,0.73319524357499,"two gen","inter",620,"Portugal",2011,"SEU","EU"
"young_male",361420,0.0924229638153689,"three+ gen","inter",620,"Portugal",2011,"SEU","EU"
"young_male",24220,0.0061935813834548,"skipped","inter",620,"Portugal",2011,"SEU","EU"
"old_female",374260,0.248866250847818,"single","un",620,"Portugal",2011,"SEU","EU"
"old_female",766280,0.509542111632732,"nuclear","un",620,"Portugal",2011,"SEU","EU"
"old_female",67360,0.0447914034551089,"complex","un",620,"Portugal",2011,"SEU","EU"
"old_female",295960,0.196800234064341,"extended","un",620,"Portugal",2011,"SEU","EU"
"old_male",120260,0.105363682559708,"single","un",620,"Portugal",2011,"SEU","EU"
"old_male",825320,0.723089593299339,"nuclear","un",620,"Portugal",2011,"SEU","EU"
"old_male",32400,0.0283866897965621,"complex","un",620,"Portugal",2011,"SEU","EU"
"old_male",163400,0.14316003434439,"extended","un",620,"Portugal",2011,"SEU","EU"
"young_female",182260,0.0453195943963438,"single","un",620,"Portugal",2011,"SEU","EU"
"young_female",3133800,0.779230467021081,"nuclear","un",620,"Portugal",2011,"SEU","EU"
"young_female",81800,0.0203398596599414,"complex","un",620,"Portugal",2011,"SEU","EU"
"young_female",623800,0.155110078922634,"extended","un",620,"Portugal",2011,"SEU","EU"
"young_male",193640,0.0495179644546733,"single","un",620,"Portugal",2011,"SEU","EU"
"young_male",3051660,0.780375911008822,"nuclear","un",620,"Portugal",2011,"SEU","EU"
"young_male",90660,0.0231837360951285,"complex","un",620,"Portugal",2011,"SEU","EU"
"young_male",574540,0.146922388441376,"extended","un",620,"Portugal",2011,"SEU","EU"
"total",870420,0.0822905439900165,"single","un",620,"Portugal",2011,"SEU","EU"
"total",7777060,0.735252519522756,"nuclear","un",620,"Portugal",2011,"SEU","EU"
"total",272220,0.025736003176584,"complex","un",620,"Portugal",2011,"SEU","EU"
"total",1657700,0.156720933310643,"extended","un",620,"Portugal",2011,"SEU","EU"
"old_female",85948,0.262657193062877,"single","inter",630,"PuertoRico",2000,"CRB","AM"
"old_female",94462,0.288675987470395,"one gen","inter",630,"PuertoRico",2000,"CRB","AM"
"old_female",90438,0.276378638551455,"two gen","inter",630,"PuertoRico",2000,"CRB","AM"
"old_female",41730,0.127526931010773,"three+ gen","inter",630,"PuertoRico",2000,"CRB","AM"
"old_female",14647,0.0447612499045,"skipped","inter",630,"PuertoRico",2000,"CRB","AM"
"old_male",44540,0.173092542719348,"single","inter",630,"PuertoRico",2000,"CRB","AM"
"old_male",106945,0.415612527640788,"one gen","inter",630,"PuertoRico",2000,"CRB","AM"
"old_male",73407,0.28527625243375,"two gen","inter",630,"PuertoRico",2000,"CRB","AM"
"old_male",23657,0.0919364679638892,"three+ gen","inter",630,"PuertoRico",2000,"CRB","AM"
"old_male",8770,0.0340822092422246,"skipped","inter",630,"PuertoRico",2000,"CRB","AM"
"total",279272,0.0733264891915948,"single","inter",630,"PuertoRico",2000,"CRB","AM"
"total",479818,0.125982445039004,"one gen","inter",630,"PuertoRico",2000,"CRB","AM"
"total",2495889,0.655328059318229,"two gen","inter",630,"PuertoRico",2000,"CRB","AM"
"total",484171,0.127125381700936,"three+ gen","inter",630,"PuertoRico",2000,"CRB","AM"
"total",69460,0.018237624750237,"skipped","inter",630,"PuertoRico",2000,"CRB","AM"
"young_female",59780,0.0362963183341338,"single","inter",630,"PuertoRico",2000,"CRB","AM"
"young_female",145391,0.0882763134646712,"one gen","inter",630,"PuertoRico",2000,"CRB","AM"
"young_female",1189540,0.722246947326623,"two gen","inter",630,"PuertoRico",2000,"CRB","AM"
"young_female",229400,0.139283630409004,"three+ gen","inter",630,"PuertoRico",2000,"CRB","AM"
"young_female",22888,0.013896790465568,"skipped","inter",630,"PuertoRico",2000,"CRB","AM"
"young_male",89004,0.0564364101208129,"single","inter",630,"PuertoRico",2000,"CRB","AM"
"young_male",133020,0.0843464481851437,"one gen","inter",630,"PuertoRico",2000,"CRB","AM"
"young_male",1142504,0.724448612519316,"two gen","inter",630,"PuertoRico",2000,"CRB","AM"
"young_male",189384,0.120086210668285,"three+ gen","inter",630,"PuertoRico",2000,"CRB","AM"
"young_male",23155,0.0146823185064427,"skipped","inter",630,"PuertoRico",2000,"CRB","AM"
"old_female",85948,0.262657193062877,"single","un",630,"PuertoRico",2000,"CRB","AM"
"old_female",145722,0.445326610130644,"nuclear","un",630,"PuertoRico",2000,"CRB","AM"
"old_female",6845,0.0209183283673313,"complex","un",630,"PuertoRico",2000,"CRB","AM"
"old_female",88710,0.271097868439147,"extended","un",630,"PuertoRico",2000,"CRB","AM"
"old_male",44540,0.173092542719348,"single","un",630,"PuertoRico",2000,"CRB","AM"
"old_male",155398,0.60391187592055,"nuclear","un",630,"PuertoRico",2000,"CRB","AM"
"old_male",5109,0.019854732841337,"complex","un",630,"PuertoRico",2000,"CRB","AM"
"old_male",52272,0.203140848518765,"extended","un",630,"PuertoRico",2000,"CRB","AM"
"young_female",59780,0.0362963183341338,"single","un",630,"PuertoRico",2000,"CRB","AM"
"young_female",1206526,0.732560250491955,"nuclear","un",630,"PuertoRico",2000,"CRB","AM"
"young_female",46897,0.0284742127955148,"complex","un",630,"PuertoRico",2000,"CRB","AM"
"young_female",333796,0.202669218378396,"extended","un",630,"PuertoRico",2000,"CRB","AM"
"young_male",89004,0.0564364101208129,"single","un",630,"PuertoRico",2000,"CRB","AM"
"young_male",1151123,0.729913821036139,"nuclear","un",630,"PuertoRico",2000,"CRB","AM"
"young_male",45002,0.0285352492950521,"complex","un",630,"PuertoRico",2000,"CRB","AM"
"young_male",291938,0.185114519547996,"extended","un",630,"PuertoRico",2000,"CRB","AM"
"total",279272,0.0733264891915948,"single","un",630,"PuertoRico",2000,"CRB","AM"
"total",2658769,0.6980943178745,"nuclear","un",630,"PuertoRico",2000,"CRB","AM"
"total",103853,0.0272679534003219,"complex","un",630,"PuertoRico",2000,"CRB","AM"
"total",766716,0.201311239533583,"extended","un",630,"PuertoRico",2000,"CRB","AM"
"old_female",659950,0.275452025977929,"single","inter",642,"Romania",2002,"EEU","EU"
"old_female",778780,0.325049668597759,"one gen","inter",642,"Romania",2002,"EEU","EU"
"old_female",452820,0.18899944905421,"two gen","inter",642,"Romania",2002,"EEU","EU"
"old_female",443370,0.185055178055662,"three+ gen","inter",642,"Romania",2002,"EEU","EU"
"old_female",60960,0.0254436783144398,"skipped","inter",642,"Romania",2002,"EEU","EU"
"old_male",197690,0.110935281673148,"single","inter",642,"Romania",2002,"EEU","EU"
"old_male",893470,0.5013776423517,"one gen","inter",642,"Romania",2002,"EEU","EU"
"old_male",373900,0.209816894216147,"two gen","inter",642,"Romania",2002,"EEU","EU"
"old_male",284680,0.15975039701913,"three+ gen","inter",642,"Romania",2002,"EEU","EU"
"old_male",32290,0.0181197847398753,"skipped","inter",642,"Romania",2002,"EEU","EU"
"total",1382300,0.0646548800800012,"single","inter",642,"Romania",2002,"EEU","EU"
"total",3403150,0.159176919007637,"one gen","inter",642,"Romania",2002,"EEU","EU"
"total",12260500,0.573465352832855,"two gen","inter",642,"Romania",2002,"EEU","EU"
"total",4056780,0.189749420828291,"three+ gen","inter",642,"Romania",2002,"EEU","EU"
"total",276940,0.0129534272512158,"skipped","inter",642,"Romania",2002,"EEU","EU"
"young_female",252220,0.0293151242190905,"single","inter",642,"Romania",2002,"EEU","EU"
"young_female",943310,0.109639401423798,"one gen","inter",642,"Romania",2002,"EEU","EU"
"young_female",5594770,0.650271102716839,"two gen","inter",642,"Romania",2002,"EEU","EU"
"young_female",1722880,0.20024756646811,"three+ gen","inter",642,"Romania",2002,"EEU","EU"
"young_female",90570,0.0105268051721633,"skipped","inter",642,"Romania",2002,"EEU","EU"
"young_male",272440,0.0316864018534521,"single","inter",642,"Romania",2002,"EEU","EU"
"young_male",787590,0.0916014287026882,"one gen","inter",642,"Romania",2002,"EEU","EU"
"young_male",5839010,0.679111794473372,"two gen","inter",642,"Romania",2002,"EEU","EU"
"young_male",1605850,0.186769961886529,"three+ gen","inter",642,"Romania",2002,"EEU","EU"
"young_male",93120,0.0108304130839578,"skipped","inter",642,"Romania",2002,"EEU","EU"
"old_female",659950,0.275452025977929,"single","un",642,"Romania",2002,"EEU","EU"
"old_female",983210,0.410375310950465,"nuclear","un",642,"Romania",2002,"EEU","EU"
"old_female",1650,0.000688682237841628,"complex","un",642,"Romania",2002,"EEU","EU"
"old_female",751070,0.313483980833765,"extended","un",642,"Romania",2002,"EEU","EU"
"old_male",197690,0.110935281673148,"single","un",642,"Romania",2002,"EEU","EU"
"old_male",1130650,0.634473044786003,"nuclear","un",642,"Romania",2002,"EEU","EU"
"old_male",570,0.000319859935017929,"complex","un",642,"Romania",2002,"EEU","EU"
"old_male",453120,0.254271813605832,"extended","un",642,"Romania",2002,"EEU","EU"
"young_female",252220,0.0293151242190905,"single","un",642,"Romania",2002,"EEU","EU"
"young_female",5843120,0.679136423071335,"nuclear","un",642,"Romania",2002,"EEU","EU"
"young_female",3770,0.000438181025715531,"complex","un",642,"Romania",2002,"EEU","EU"
"young_female",2504640,0.291110271683859,"extended","un",642,"Romania",2002,"EEU","EU"
"young_male",272440,0.0316864018534521,"single","un",642,"Romania",2002,"EEU","EU"
"young_male",5953700,0.692450927598363,"nuclear","un",642,"Romania",2002,"EEU","EU"
"young_male",3710,0.000431495194818336,"complex","un",642,"Romania",2002,"EEU","EU"
"young_male",2368160,0.275431175353367,"extended","un",642,"Romania",2002,"EEU","EU"
"total",1382300,0.0646548800800012,"single","un",642,"Romania",2002,"EEU","EU"
"total",13910680,0.650649893099379,"nuclear","un",642,"Romania",2002,"EEU","EU"
"total",9700,0.000453702044980114,"complex","un",642,"Romania",2002,"EEU","EU"
"total",6076990,0.28424152477564,"extended","un",642,"Romania",2002,"EEU","EU"
"old_female",2970,0.0109869783959751,"single","inter",686,"Senegal",2002,"WAF","AF"
"old_female",9020,0.0333678603137023,"one gen","inter",686,"Senegal",2002,"WAF","AF"
"old_female",52260,0.19332642793726,"two gen","inter",686,"Senegal",2002,"WAF","AF"
"old_female",179300,0.663287955016277,"three+ gen","inter",686,"Senegal",2002,"WAF","AF"
"old_female",26770,0.099030778336786,"skipped","inter",686,"Senegal",2002,"WAF","AF"
"old_male",3610,0.0134435631028191,"single","inter",686,"Senegal",2002,"WAF","AF"
"old_male",11540,0.0429747141846349,"one gen","inter",686,"Senegal",2002,"WAF","AF"
"old_male",98400,0.366439503966037,"two gen","inter",686,"Senegal",2002,"WAF","AF"
"old_male",141460,0.526794026738167,"three+ gen","inter",686,"Senegal",2002,"WAF","AF"
"old_male",13520,0.0503481920083417,"skipped","inter",686,"Senegal",2002,"WAF","AF"
"total",49970,0.00502432226447421,"single","inter",686,"Senegal",2002,"WAF","AF"
"total",383290,0.0385385727586616,"one gen","inter",686,"Senegal",2002,"WAF","AF"
"total",4609100,0.4634301330636,"two gen","inter",686,"Senegal",2002,"WAF","AF"
"total",4531960,0.455673954967111,"three+ gen","inter",686,"Senegal",2002,"WAF","AF"
"total",371300,0.0373330169461532,"skipped","inter",686,"Senegal",2002,"WAF","AF"
"young_female",7510,0.00157092594684371,"single","inter",686,"Senegal",2002,"WAF","AF"
"young_female",145510,0.030437474637181,"one gen","inter",686,"Senegal",2002,"WAF","AF"
"young_female",2257570,0.472233727006121,"two gen","inter",686,"Senegal",2002,"WAF","AF"
"young_female",2194460,0.459032510427518,"three+ gen","inter",686,"Senegal",2002,"WAF","AF"
"young_female",175570,0.036725361982337,"skipped","inter",686,"Senegal",2002,"WAF","AF"
"young_male",35880,0.00775590934146104,"single","inter",686,"Senegal",2002,"WAF","AF"
"young_male",217220,0.0469548112361251,"one gen","inter",686,"Senegal",2002,"WAF","AF"
"young_male",2200870,0.475745490310517,"two gen","inter",686,"Senegal",2002,"WAF","AF"
"young_male",2016740,0.43594349513094,"three+ gen","inter",686,"Senegal",2002,"WAF","AF"
"young_male",155440,0.0336002939809561,"skipped","inter",686,"Senegal",2002,"WAF","AF"
"old_female",2970,0.0109869783959751,"single","un",686,"Senegal",2002,"WAF","AF"
"old_female",8780,0.0324800236756437,"nuclear","un",686,"Senegal",2002,"WAF","AF"
"old_female",68350,0.252848475880438,"complex","un",686,"Senegal",2002,"WAF","AF"
"old_female",190220,0.703684522047943,"extended","un",686,"Senegal",2002,"WAF","AF"
"old_male",3610,0.0134435631028191,"single","un",686,"Senegal",2002,"WAF","AF"
"old_male",40420,0.150523219007187,"nuclear","un",686,"Senegal",2002,"WAF","AF"
"old_male",64540,0.240345585223253,"complex","un",686,"Senegal",2002,"WAF","AF"
"old_male",159960,0.595687632666741,"extended","un",686,"Senegal",2002,"WAF","AF"
"young_female",7510,0.00157092594684371,"single","un",686,"Senegal",2002,"WAF","AF"
"young_female",767110,0.160462450477135,"nuclear","un",686,"Senegal",2002,"WAF","AF"
"young_female",1229900,0.257267885755404,"complex","un",686,"Senegal",2002,"WAF","AF"
"young_female",2776100,0.580698737820617,"extended","un",686,"Senegal",2002,"WAF","AF"
"young_male",35880,0.00775590934146104,"single","un",686,"Senegal",2002,"WAF","AF"
"young_male",746430,0.161350150773321,"nuclear","un",686,"Senegal",2002,"WAF","AF"
"young_male",1231060,0.266108967499973,"complex","un",686,"Senegal",2002,"WAF","AF"
"young_male",2612780,0.564784972385245,"extended","un",686,"Senegal",2002,"WAF","AF"
"total",49970,0.00502432226447421,"single","un",686,"Senegal",2002,"WAF","AF"
"total",1562740,0.157128464590443,"nuclear","un",686,"Senegal",2002,"WAF","AF"
"total",2593850,0.260803248062966,"complex","un",686,"Senegal",2002,"WAF","AF"
"total",5739060,0.577043965082117,"extended","un",686,"Senegal",2002,"WAF","AF"
"old_female",322633.54,0.128894140479456,"single","inter",710,"SouthAfrica",2011,"SAF","AF"
"old_female",482987.69,0.192956637938846,"one gen","inter",710,"SouthAfrica",2011,"SAF","AF"
"old_female",456433.09,0.18234790723225,"two gen","inter",710,"SouthAfrica",2011,"SAF","AF"
"old_female",828561.11,0.331015405615158,"three+ gen","inter",710,"SouthAfrica",2011,"SAF","AF"
"old_female",412473.84,0.16478590873429,"skipped","inter",710,"SouthAfrica",2011,"SAF","AF"
"old_male",207488.81,0.125822963703684,"single","inter",710,"SouthAfrica",2011,"SAF","AF"
"old_male",493446.88,0.299230348238713,"one gen","inter",710,"SouthAfrica",2011,"SAF","AF"
"old_male",371123.86,0.225052637616222,"two gen","inter",710,"SouthAfrica",2011,"SAF","AF"
"old_male",426060.54,0.25836670353448,"three+ gen","inter",710,"SouthAfrica",2011,"SAF","AF"
"old_male",150933.5,0.0915273469069007,"skipped","inter",710,"SouthAfrica",2011,"SAF","AF"
"total",4291327.02,0.0828880915907641,"single","inter",710,"SouthAfrica",2011,"SAF","AF"
"total",7980807.68,0.154151365035824,"one gen","inter",710,"SouthAfrica",2011,"SAF","AF"
"total",23031560.95,0.444860558192059,"two gen","inter",710,"SouthAfrica",2011,"SAF","AF"
"total",13579931.92,0.262299898268136,"three+ gen","inter",710,"SouthAfrica",2011,"SAF","AF"
"total",2888912.22,0.0558000869132173,"skipped","inter",710,"SouthAfrica",2011,"SAF","AF"
"young_female",1290734.29,0.053601678686057,"single","inter",710,"SouthAfrica",2011,"SAF","AF"
"young_female",3132770.24,0.130097840510398,"one gen","inter",710,"SouthAfrica",2011,"SAF","AF"
"young_female",11543146.21,0.479364357922648,"two gen","inter",710,"SouthAfrica",2011,"SAF","AF"
"young_female",6877133.97,0.2855939663158,"three+ gen","inter",710,"SouthAfrica",2011,"SAF","AF"
"young_female",1236324.75,0.0513421565650973,"skipped","inter",710,"SouthAfrica",2011,"SAF","AF"
"young_male",2470470.38,0.104946483051594,"single","inter",710,"SouthAfrica",2011,"SAF","AF"
"young_male",3871602.87,0.164467102406205,"one gen","inter",710,"SouthAfrica",2011,"SAF","AF"
"young_male",10660857.79,0.452877128352248,"two gen","inter",710,"SouthAfrica",2011,"SAF","AF"
"young_male",5448176.3,0.231440516898666,"three+ gen","inter",710,"SouthAfrica",2011,"SAF","AF"
"young_male",1089180.13,0.0462687692912868,"skipped","inter",710,"SouthAfrica",2011,"SAF","AF"
"old_female",322633.54,0.128894140479456,"single","un",710,"SouthAfrica",2011,"SAF","AF"
"old_female",513521.74,0.205155184097769,"nuclear","un",710,"SouthAfrica",2011,"SAF","AF"
"old_female",172661,0.0689791618978096,"complex","un",710,"SouthAfrica",2011,"SAF","AF"
"old_female",1494272.99,0.596971513524965,"extended","un",710,"SouthAfrica",2011,"SAF","AF"
"old_male",207488.81,0.125822963703684,"single","un",710,"SouthAfrica",2011,"SAF","AF"
"old_male",582800.32,0.35341502758561,"nuclear","un",710,"SouthAfrica",2011,"SAF","AF"
"old_male",118305.57,0.0717414950717278,"complex","un",710,"SouthAfrica",2011,"SAF","AF"
"old_male",740458.89,0.449020513638978,"extended","un",710,"SouthAfrica",2011,"SAF","AF"
"young_female",1290734.29,0.053601678686057,"single","un",710,"SouthAfrica",2011,"SAF","AF"
"young_female",8801131.57,0.365493835674616,"nuclear","un",710,"SouthAfrica",2011,"SAF","AF"
"young_female",1462070.1,0.0607169208440966,"complex","un",710,"SouthAfrica",2011,"SAF","AF"
"young_female",12526173.5,0.52018756479523,"extended","un",710,"SouthAfrica",2011,"SAF","AF"
"young_male",2470470.38,0.104946483051594,"single","un",710,"SouthAfrica",2011,"SAF","AF"
"young_male",8334466.49,0.354051177183861,"nuclear","un",710,"SouthAfrica",2011,"SAF","AF"
"young_male",1638806.13,0.0696170822930056,"complex","un",710,"SouthAfrica",2011,"SAF","AF"
"young_male",11096544.47,0.47138525747154,"extended","un",710,"SouthAfrica",2011,"SAF","AF"
"total",4291327.02,0.0828880915907641,"single","un",710,"SouthAfrica",2011,"SAF","AF"
"total",18231920.12,0.352154253856434,"nuclear","un",710,"SouthAfrica",2011,"SAF","AF"
"total",3391842.8,0.0655143211779451,"complex","un",710,"SouthAfrica",2011,"SAF","AF"
"total",25857449.85,0.499443333374857,"extended","un",710,"SouthAfrica",2011,"SAF","AF"
"old_female",10089616,0.383899428980183,"single","inter",840,"UnitedStates",2000,"NAM","AM"
"old_female",10203421,0.388229591249499,"one gen","inter",840,"UnitedStates",2000,"NAM","AM"
"old_female",3702189,0.140864453421886,"two gen","inter",840,"UnitedStates",2000,"NAM","AM"
"old_female",1735264,0.0660249962664455,"three+ gen","inter",840,"UnitedStates",2000,"NAM","AM"
"old_female",551435,0.020981530081986,"skipped","inter",840,"UnitedStates",2000,"NAM","AM"
"old_male",3630759,0.186276048953578,"single","inter",840,"UnitedStates",2000,"NAM","AM"
"old_male",11831487,0.60701430516474,"one gen","inter",840,"UnitedStates",2000,"NAM","AM"
"old_male",2777242,0.142486369034115,"two gen","inter",840,"UnitedStates",2000,"NAM","AM"
"old_male",932513,0.0478425687956287,"three+ gen","inter",840,"UnitedStates",2000,"NAM","AM"
"old_male",319281,0.0163807080519383,"skipped","inter",840,"UnitedStates",2000,"NAM","AM"
"total",34998368,0.124362628686055,"single","inter",840,"UnitedStates",2000,"NAM","AM"
"total",63443811,0.225440200806543,"one gen","inter",840,"UnitedStates",2000,"NAM","AM"
"total",159030679,0.56509701487133,"two gen","inter",840,"UnitedStates",2000,"NAM","AM"
"total",21015481,0.0746760666172163,"three+ gen","inter",840,"UnitedStates",2000,"NAM","AM"
"total",2933567,0.0104240890188556,"skipped","inter",840,"UnitedStates",2000,"NAM","AM"
"young_female",8853776,0.0754952014482757,"single","inter",840,"UnitedStates",2000,"NAM","AM"
"young_female",20607990,0.175722127654241,"one gen","inter",840,"UnitedStates",2000,"NAM","AM"
"young_female",76797001,0.6548398176234,"two gen","inter",840,"UnitedStates",2000,"NAM","AM"
"young_female",9956706,0.08489976765069,"three+ gen","inter",840,"UnitedStates",2000,"NAM","AM"
"young_female",1060537,0.00904308562339391,"skipped","inter",840,"UnitedStates",2000,"NAM","AM"
"young_male",12424217,0.104958475683525,"single","inter",840,"UnitedStates",2000,"NAM","AM"
"young_male",20800913,0.17572392057428,"one gen","inter",840,"UnitedStates",2000,"NAM","AM"
"young_male",75754247,0.639963894036402,"two gen","inter",840,"UnitedStates",2000,"NAM","AM"
"young_male",8390998,0.0708862666793013,"three+ gen","inter",840,"UnitedStates",2000,"NAM","AM"
"young_male",1002314,0.00846744302649068,"skipped","inter",840,"UnitedStates",2000,"NAM","AM"
"old_female",10089616,0.383899428980183,"single","un",840,"UnitedStates",2000,"NAM","AM"
"old_female",11747269,0.446971407155298,"nuclear","un",840,"UnitedStates",2000,"NAM","AM"
"old_female",734721,0.0279553723709355,"complex","un",840,"UnitedStates",2000,"NAM","AM"
"old_female",3710319,0.141173791493584,"extended","un",840,"UnitedStates",2000,"NAM","AM"
"old_male",3630759,0.186276048953578,"single","un",840,"UnitedStates",2000,"NAM","AM"
"old_male",13283080,0.681488267421302,"nuclear","un",840,"UnitedStates",2000,"NAM","AM"
"old_male",634922,0.0325746659455237,"complex","un",840,"UnitedStates",2000,"NAM","AM"
"old_male",1942521,0.0996610176795965,"extended","un",840,"UnitedStates",2000,"NAM","AM"
"young_female",8853776,0.0754952014482757,"single","un",840,"UnitedStates",2000,"NAM","AM"
"young_female",83694057,0.713650276812794,"nuclear","un",840,"UnitedStates",2000,"NAM","AM"
"young_female",8905942,0.0759400153535237,"complex","un",840,"UnitedStates",2000,"NAM","AM"
"young_female",15822235,0.134914506385407,"extended","un",840,"UnitedStates",2000,"NAM","AM"
"young_male",12424217,0.104958475683525,"single","un",840,"UnitedStates",2000,"NAM","AM"
"young_male",80672591,0.681513545747026,"nuclear","un",840,"UnitedStates",2000,"NAM","AM"
"young_male",10649540,0.0899661914413383,"complex","un",840,"UnitedStates",2000,"NAM","AM"
"young_male",14626341,0.12356178712811,"extended","un",840,"UnitedStates",2000,"NAM","AM"
"total",34998368,0.124362628686055,"single","un",840,"UnitedStates",2000,"NAM","AM"
"total",189396997,0.673000192813704,"nuclear","un",840,"UnitedStates",2000,"NAM","AM"
"total",20925125,0.0743549970839868,"complex","un",840,"UnitedStates",2000,"NAM","AM"
"total",36101416,0.128282181416254,"extended","un",840,"UnitedStates",2000,"NAM","AM"
